[2026-09-03 07:21:29] local.ERROR: syntax error, unexpected token "=>" {"exception":"[object] (ParseError(code: 0): syntax error, unexpected token \"=>\" at C:/laragon/www/hrd/database/migrations/0001_01_01_000000_create_users_table.php:16)
[stacktrace]
#0 C:/laragon/www/hrd/vendor/laravel/framework/src/Illuminate/Filesystem/Filesystem.php(149): Illuminate/Filesystem/Filesystem::{closure:Illuminate/Filesystem/Filesystem::requireOnce():145}()
#1 C:/laragon/www/hrd/vendor/laravel/framework/src/Illuminate/Database/Migrations/Migrator.php(598): Illuminate/Filesystem/Filesystem->requireOnce('C://laragon//www//...')
#2 C:/laragon/www/hrd/vendor/laravel/framework/src/Illuminate/Database/Migrations/Migrator.php(131): Illuminate/Database/Migrations/Migrator->requireFiles(Array)
#3 C:/laragon/www/hrd/vendor/laravel/framework/src/Illuminate/Database/Console/Migrations/MigrateCommand.php(116): Illuminate/Database/Migrations/Migrator->run(Array, Array)
#4 C:/laragon/www/hrd/vendor/laravel/framework/src/Illuminate/Database/Migrations/Migrator.php(671): Illuminate/Database/Console/Migrations/MigrateCommand->{closure:Illuminate/Database/Console/Migrations/MigrateCommand::runMigrations():109}()
#5 C:/laragon/www/hrd/vendor/laravel/framework/src/Illuminate/Database/Console/Migrations/MigrateCommand.php(109): Illuminate/Database/Migrations/Migrator->usingConnection(NULL, Object(Closure))
#6 C:/laragon/www/hrd/vendor/laravel/framework/src/Illuminate/Database/Console/Migrations/MigrateCommand.php(88): Illuminate/Database/Console/Migrations/MigrateCommand->runMigrations()
#7 C:/laragon/www/hrd/vendor/laravel/framework/src/Illuminate/Container/BoundMethod.php(36): Illuminate/Database/Console/Migrations/MigrateCommand->handle()
#8 C:/laragon/www/hrd/vendor/laravel/framework/src/Illuminate/Container/Util.php(43): Illuminate/Container/BoundMethod::{closure:Illuminate/Container/BoundMethod::call():35}()
#9 C:/laragon/www/hrd/vendor/laravel/framework/src/Illuminate/Container/BoundMethod.php(96): Illuminate/Container/Util::unwrapIfClosure(Object(Closure))
#10 C:/laragon/www/hrd/vendor/laravel/framework/src/Illuminate/Container/BoundMethod.php(35): Illuminate/Container/BoundMethod::callBoundMethod(Object(Illuminate/Foundation/Application), Array, Object(Closure))
#11 C:/laragon/www/hrd/vendor/laravel/framework/src/Illuminate/Container/Container.php(799): Illuminate/Container/BoundMethod::call(Object(Illuminate/Foundation/Application), Array, Array, NULL)
#12 C:/laragon/www/hrd/vendor/laravel/framework/src/Illuminate/Console/Command.php(211): Illuminate/Container/Container->call(Array)
#13 C:/laragon/www/hrd/vendor/symfony/console/Command/Command.php(341): Illuminate/Console/Command->execute(Object(Symfony/Component/Console/Input/ArgvInput), Object(Illuminate/Console/OutputStyle))
#14 C:/laragon/www/hrd/vendor/laravel/framework/src/Illuminate/Console/Command.php(180): Symfony/Component/Console/Command/Command->run(Object(Symfony/Component/Console/Input/ArgvInput), Object(Illuminate/Console/OutputStyle))
#15 C:/laragon/www/hrd/vendor/symfony/console/Application.php(1117): Illuminate/Console/Command->run(Object(Symfony/Component/Console/Input/ArgvInput), Object(Symfony/Component/Console/Output/ConsoleOutput))
#16 C:/laragon/www/hrd/vendor/symfony/console/Application.php(356): Symfony/Component/Console/Application->doRunCommand(Object(Illuminate/Database/Console/Migrations/MigrateCommand), Object(Symfony/Component/Console/Input/ArgvInput), Object(Symfony/Component/Console/Output/ConsoleOutput))
#17 C:/laragon/www/hrd/vendor/symfony/console/Application.php(195): Symfony/Component/Console/Application->doRun(Object(Symfony/Component/Console/Input/ArgvInput), Object(Symfony/Component/Console/Output/ConsoleOutput))
#18 C:/laragon/www/hrd/vendor/laravel/framework/src/Illuminate/Foundation/Console/Kernel.php(198): Symfony/Component/Console/Application->run(Object(Symfony/Component/Console/Input/ArgvInput), Object(Symfony/Component/Console/Output/ConsoleOutput))
#19 C:/laragon/www/hrd/vendor/laravel/framework/src/Illuminate/Foundation/Application.php(1235): Illuminate/Foundation/Console/Kernel->handle(Object(Symfony/Component/Console/Input/ArgvInput), Object(Symfony/Component/Console/Output/ConsoleOutput))
#20 C:/laragon/www/hrd/artisan(16): Illuminate/Foundation/Application->handleCommand(Object(Symfony/Component/Console/Input/ArgvInput))
#21 {main}
"} 
[2026-09-03 07:35:38] local.ERROR: SQLSTATE[HY000]: General error: 1364 Field 'role_id' doesn't have a default value (Connection: mysql, Host: 127.0.0.1, Port: 3306, Database: hrd, SQL: insert into `users` (`name`, `email`, `email_verified_at`, `password`, `remember_token`, `updated_at`, `created_at`) values (Test User, test@example.com, 2026-09-03 07:35:37, $2y$12$nOy8oV8772MLbyl4vU0TdOume.dgEAbtV41Jy4n0AmmAJroC2362., 7FU0fwR9rx, 2026-09-03 07:35:38, 2026-09-03 07:35:38)) {"exception":"[object] (Illuminate\\Database\\QueryException(code: HY000): SQLSTATE[HY000]: General error: 1364 Field 'role_id' doesn't have a default value (Connection: mysql, Host: 127.0.0.1, Port: 3306, Database: hrd, SQL: insert into `users` (`name`, `email`, `email_verified_at`, `password`, `remember_token`, `updated_at`, `created_at`) values (Test User, test@example.com, 2026-09-03 07:35:37, $2y$12$nOy8oV8772MLbyl4vU0TdOume.dgEAbtV41Jy4n0AmmAJroC2362., 7FU0fwR9rx, 2026-09-03 07:35:38, 2026-09-03 07:35:38)) at C:/laragon/www/hrd/vendor/laravel/framework/src/Illuminate/Database/Connection.php:838)
[stacktrace]
#0 C:/laragon/www/hrd/vendor/laravel/framework/src/Illuminate/Database/Connection.php(794): Illuminate/Database/Connection->runQueryCallback('insert into `us...', Array, Object(Closure))
#1 C:/laragon/www/hrd/vendor/laravel/framework/src/Illuminate/Database/MySqlConnection.php(42): Illuminate/Database/Connection->run('insert into `us...', Array, Object(Closure))
#2 C:/laragon/www/hrd/vendor/laravel/framework/src/Illuminate/Database/Query/Processors/MySqlProcessor.php(35): Illuminate/Database/MySqlConnection->insert('insert into `us...', Array, 'id')
#3 C:/laragon/www/hrd/vendor/laravel/framework/src/Illuminate/Database/Query/Builder.php(4170): Illuminate/Database/Query/Processors/MySqlProcessor->processInsertGetId(Object(Illuminate/Database/Query/Builder), 'insert into `us...', Array, 'id')
#4 C:/laragon/www/hrd/vendor/laravel/framework/src/Illuminate/Database/Eloquent/Builder.php(2237): Illuminate/Database/Query/Builder->insertGetId(Array, 'id')
#5 C:/laragon/www/hrd/vendor/laravel/framework/src/Illuminate/Database/Eloquent/Model.php(1436): Illuminate/Database/Eloquent/Builder->__call('insertGetId', Array)
#6 C:/laragon/www/hrd/vendor/laravel/framework/src/Illuminate/Database/Eloquent/Model.php(1401): Illuminate/Database/Eloquent/Model->insertAndSetId(Object(Illuminate/Database/Eloquent/Builder), Array)
#7 C:/laragon/www/hrd/vendor/laravel/framework/src/Illuminate/Database/Eloquent/Model.php(1240): Illuminate/Database/Eloquent/Model->performInsert(Object(Illuminate/Database/Eloquent/Builder))
#8 C:/laragon/www/hrd/vendor/laravel/framework/src/Illuminate/Database/Eloquent/Factories/Factory.php(370): Illuminate/Database/Eloquent/Model->save()
#9 C:/laragon/www/hrd/vendor/laravel/framework/src/Illuminate/Collections/Traits/EnumeratesValues.php(275): Illuminate/Database/Eloquent/Factories/Factory->{closure:Illuminate/Database/Eloquent/Factories/Factory::store():365}(Object(App/Models/User), 0)
#10 C:/laragon/www/hrd/vendor/laravel/framework/src/Illuminate/Database/Eloquent/Factories/Factory.php(365): Illuminate/Support/Collection->each(Object(Closure))
#11 C:/laragon/www/hrd/vendor/laravel/framework/src/Illuminate/Database/Eloquent/Factories/Factory.php(321): Illuminate/Database/Eloquent/Factories/Factory->store(Object(Illuminate/Support/Collection))
#12 C:/laragon/www/hrd/vendor/laravel/framework/src/Illuminate/Database/Eloquent/Factories/Factory.php(315): Illuminate/Database/Eloquent/Factories/Factory->create(Array, NULL)
#13 C:/laragon/www/hrd/database/seeders/DatabaseSeeder.php(20): Illuminate/Database/Eloquent/Factories/Factory->create(Array)
#14 C:/laragon/www/hrd/vendor/laravel/framework/src/Illuminate/Container/BoundMethod.php(36): Database/Seeders/DatabaseSeeder->run()
#15 C:/laragon/www/hrd/vendor/laravel/framework/src/Illuminate/Container/Util.php(43): Illuminate/Container/BoundMethod::{closure:Illuminate/Container/BoundMethod::call():35}()
#16 C:/laragon/www/hrd/vendor/laravel/framework/src/Illuminate/Container/BoundMethod.php(96): Illuminate/Container/Util::unwrapIfClosure(Object(Closure))
#17 C:/laragon/www/hrd/vendor/laravel/framework/src/Illuminate/Container/BoundMethod.php(35): Illuminate/Container/BoundMethod::callBoundMethod(Object(Illuminate/Foundation/Application), Array, Object(Closure))
#18 C:/laragon/www/hrd/vendor/laravel/framework/src/Illuminate/Container/Container.php(799): Illuminate/Container/BoundMethod::call(Object(Illuminate/Foundation/Application), Array, Array, NULL)
#19 C:/laragon/www/hrd/vendor/laravel/framework/src/Illuminate/Database/Seeder.php(184): Illuminate/Container/Container->call(Array, Array)
#20 C:/laragon/www/hrd/vendor/laravel/framework/src/Illuminate/Database/Eloquent/Concerns/HasEvents.php(454): Illuminate/Database/Seeder->{closure:Illuminate/Database/Seeder::__invoke():183}()
#21 C:/laragon/www/hrd/vendor/laravel/framework/src/Illuminate/Database/Console/Seeds/WithoutModelEvents.php(17): Illuminate/Database/Eloquent/Model::withoutEvents(Object(Closure))
#22 C:/laragon/www/hrd/vendor/laravel/framework/src/Illuminate/Database/Seeder.php(193): Database/Seeders/DatabaseSeeder->{closure:Illuminate/Database/Console/Seeds/WithoutModelEvents::withoutModelEvents():17}()
#23 C:/laragon/www/hrd/vendor/laravel/framework/src/Illuminate/Database/Console/Seeds/SeedCommand.php(71): Illuminate/Database/Seeder->__invoke()
#24 C:/laragon/www/hrd/vendor/laravel/framework/src/Illuminate/Database/Eloquent/Concerns/GuardsAttributes.php(157): Illuminate/Database/Console/Seeds/SeedCommand->{closure:Illuminate/Database/Console/Seeds/SeedCommand::handle():70}()
#25 C:/laragon/www/hrd/vendor/laravel/framework/src/Illuminate/Database/Console/Seeds/SeedCommand.php(70): Illuminate/Database/Eloquent/Model::unguarded(Object(Closure))
#26 C:/laragon/www/hrd/vendor/laravel/framework/src/Illuminate/Container/BoundMethod.php(36): Illuminate/Database/Console/Seeds/SeedCommand->handle()
#27 C:/laragon/www/hrd/vendor/laravel/framework/src/Illuminate/Container/Util.php(43): Illuminate/Container/BoundMethod::{closure:Illuminate/Container/BoundMethod::call():35}()
#28 C:/laragon/www/hrd/vendor/laravel/framework/src/Illuminate/Container/BoundMethod.php(96): Illuminate/Container/Util::unwrapIfClosure(Object(Closure))
#29 C:/laragon/www/hrd/vendor/laravel/framework/src/Illuminate/Container/BoundMethod.php(35): Illuminate/Container/BoundMethod::callBoundMethod(Object(Illuminate/Foundation/Application), Array, Object(Closure))
#30 C:/laragon/www/hrd/vendor/laravel/framework/src/Illuminate/Container/Container.php(799): Illuminate/Container/BoundMethod::call(Object(Illuminate/Foundation/Application), Array, Array, NULL)
#31 C:/laragon/www/hrd/vendor/laravel/framework/src/Illuminate/Console/Command.php(211): Illuminate/Container/Container->call(Array)
#32 C:/laragon/www/hrd/vendor/symfony/console/Command/Command.php(341): Illuminate/Console/Command->execute(Object(Symfony/Component/Console/Input/ArrayInput), Object(Illuminate/Console/OutputStyle))
#33 C:/laragon/www/hrd/vendor/laravel/framework/src/Illuminate/Console/Command.php(180): Symfony/Component/Console/Command/Command->run(Object(Symfony/Component/Console/Input/ArrayInput), Object(Illuminate/Console/OutputStyle))
#34 C:/laragon/www/hrd/vendor/laravel/framework/src/Illuminate/Console/Concerns/CallsCommands.php(68): Illuminate/Console/Command->run(Object(Symfony/Component/Console/Input/ArrayInput), Object(Illuminate/Console/OutputStyle))
#35 C:/laragon/www/hrd/vendor/laravel/framework/src/Illuminate/Console/Concerns/CallsCommands.php(29): Illuminate/Console/Command->runCommand('db:seed', Array, Object(Illuminate/Console/OutputStyle))
#36 C:/laragon/www/hrd/vendor/laravel/framework/src/Illuminate/Database/Console/Migrations/MigrateCommand.php(125): Illuminate/Console/Command->call('db:seed', Array)
#37 C:/laragon/www/hrd/vendor/laravel/framework/src/Illuminate/Database/Migrations/Migrator.php(671): Illuminate/Database/Console/Migrations/MigrateCommand->{closure:Illuminate/Database/Console/Migrations/MigrateCommand::runMigrations():109}()
#38 C:/laragon/www/hrd/vendor/laravel/framework/src/Illuminate/Database/Console/Migrations/MigrateCommand.php(109): Illuminate/Database/Migrations/Migrator->usingConnection(NULL, Object(Closure))
#39 C:/laragon/www/hrd/vendor/laravel/framework/src/Illuminate/Database/Console/Migrations/MigrateCommand.php(88): Illuminate/Database/Console/Migrations/MigrateCommand->runMigrations()
#40 C:/laragon/www/hrd/vendor/laravel/framework/src/Illuminate/Container/BoundMethod.php(36): Illuminate/Database/Console/Migrations/MigrateCommand->handle()
#41 C:/laragon/www/hrd/vendor/laravel/framework/src/Illuminate/Container/Util.php(43): Illuminate/Container/BoundMethod::{closure:Illuminate/Container/BoundMethod::call():35}()
#42 C:/laragon/www/hrd/vendor/laravel/framework/src/Illuminate/Container/BoundMethod.php(96): Illuminate/Container/Util::unwrapIfClosure(Object(Closure))
#43 C:/laragon/www/hrd/vendor/laravel/framework/src/Illuminate/Container/BoundMethod.php(35): Illuminate/Container/BoundMethod::callBoundMethod(Object(Illuminate/Foundation/Application), Array, Object(Closure))
#44 C:/laragon/www/hrd/vendor/laravel/framework/src/Illuminate/Container/Container.php(799): Illuminate/Container/BoundMethod::call(Object(Illuminate/Foundation/Application), Array, Array, NULL)
#45 C:/laragon/www/hrd/vendor/laravel/framework/src/Illuminate/Console/Command.php(211): Illuminate/Container/Container->call(Array)
#46 C:/laragon/www/hrd/vendor/symfony/console/Command/Command.php(341): Illuminate/Console/Command->execute(Object(Symfony/Component/Console/Input/ArgvInput), Object(Illuminate/Console/OutputStyle))
#47 C:/laragon/www/hrd/vendor/laravel/framework/src/Illuminate/Console/Command.php(180): Symfony/Component/Console/Command/Command->run(Object(Symfony/Component/Console/Input/ArgvInput), Object(Illuminate/Console/OutputStyle))
#48 C:/laragon/www/hrd/vendor/symfony/console/Application.php(1117): Illuminate/Console/Command->run(Object(Symfony/Component/Console/Input/ArgvInput), Object(Symfony/Component/Console/Output/ConsoleOutput))
#49 C:/laragon/www/hrd/vendor/symfony/console/Application.php(356): Symfony/Component/Console/Application->doRunCommand(Object(Illuminate/Database/Console/Migrations/MigrateCommand), Object(Symfony/Component/Console/Input/ArgvInput), Object(Symfony/Component/Console/Output/ConsoleOutput))
#50 C:/laragon/www/hrd/vendor/symfony/console/Application.php(195): Symfony/Component/Console/Application->doRun(Object(Symfony/Component/Console/Input/ArgvInput), Object(Symfony/Component/Console/Output/ConsoleOutput))
#51 C:/laragon/www/hrd/vendor/laravel/framework/src/Illuminate/Foundation/Console/Kernel.php(198): Symfony/Component/Console/Application->run(Object(Symfony/Component/Console/Input/ArgvInput), Object(Symfony/Component/Console/Output/ConsoleOutput))
#52 C:/laragon/www/hrd/vendor/laravel/framework/src/Illuminate/Foundation/Application.php(1235): Illuminate/Foundation/Console/Kernel->handle(Object(Symfony/Component/Console/Input/ArgvInput), Object(Symfony/Component/Console/Output/ConsoleOutput))
#53 C:/laragon/www/hrd/artisan(16): Illuminate/Foundation/Application->handleCommand(Object(Symfony/Component/Console/Input/ArgvInput))
#54 {main}

[previous exception] [object] (PDOException(code: HY000): SQLSTATE[HY000]: General error: 1364 Field 'role_id' doesn't have a default value at C:/laragon/www/hrd/vendor/laravel/framework/src/Illuminate/Database/MySqlConnection.php:53)
[stacktrace]
#0 C:/laragon/www/hrd/vendor/laravel/framework/src/Illuminate/Database/MySqlConnection.php(53): PDOStatement->execute()
#1 C:/laragon/www/hrd/vendor/laravel/framework/src/Illuminate/Database/Connection.php(827): Illuminate/Database/MySqlConnection->{closure:Illuminate/Database/MySqlConnection::insert():42}('insert into `us...', Array)
#2 C:/laragon/www/hrd/vendor/laravel/framework/src/Illuminate/Database/Connection.php(794): Illuminate/Database/Connection->runQueryCallback('insert into `us...', Array, Object(Closure))
#3 C:/laragon/www/hrd/vendor/laravel/framework/src/Illuminate/Database/MySqlConnection.php(42): Illuminate/Database/Connection->run('insert into `us...', Array, Object(Closure))
#4 C:/laragon/www/hrd/vendor/laravel/framework/src/Illuminate/Database/Query/Processors/MySqlProcessor.php(35): Illuminate/Database/MySqlConnection->insert('insert into `us...', Array, 'id')
#5 C:/laragon/www/hrd/vendor/laravel/framework/src/Illuminate/Database/Query/Builder.php(4170): Illuminate/Database/Query/Processors/MySqlProcessor->processInsertGetId(Object(Illuminate/Database/Query/Builder), 'insert into `us...', Array, 'id')
#6 C:/laragon/www/hrd/vendor/laravel/framework/src/Illuminate/Database/Eloquent/Builder.php(2237): Illuminate/Database/Query/Builder->insertGetId(Array, 'id')
#7 C:/laragon/www/hrd/vendor/laravel/framework/src/Illuminate/Database/Eloquent/Model.php(1436): Illuminate/Database/Eloquent/Builder->__call('insertGetId', Array)
#8 C:/laragon/www/hrd/vendor/laravel/framework/src/Illuminate/Database/Eloquent/Model.php(1401): Illuminate/Database/Eloquent/Model->insertAndSetId(Object(Illuminate/Database/Eloquent/Builder), Array)
#9 C:/laragon/www/hrd/vendor/laravel/framework/src/Illuminate/Database/Eloquent/Model.php(1240): Illuminate/Database/Eloquent/Model->performInsert(Object(Illuminate/Database/Eloquent/Builder))
#10 C:/laragon/www/hrd/vendor/laravel/framework/src/Illuminate/Database/Eloquent/Factories/Factory.php(370): Illuminate/Database/Eloquent/Model->save()
#11 C:/laragon/www/hrd/vendor/laravel/framework/src/Illuminate/Collections/Traits/EnumeratesValues.php(275): Illuminate/Database/Eloquent/Factories/Factory->{closure:Illuminate/Database/Eloquent/Factories/Factory::store():365}(Object(App/Models/User), 0)
#12 C:/laragon/www/hrd/vendor/laravel/framework/src/Illuminate/Database/Eloquent/Factories/Factory.php(365): Illuminate/Support/Collection->each(Object(Closure))
#13 C:/laragon/www/hrd/vendor/laravel/framework/src/Illuminate/Database/Eloquent/Factories/Factory.php(321): Illuminate/Database/Eloquent/Factories/Factory->store(Object(Illuminate/Support/Collection))
#14 C:/laragon/www/hrd/vendor/laravel/framework/src/Illuminate/Database/Eloquent/Factories/Factory.php(315): Illuminate/Database/Eloquent/Factories/Factory->create(Array, NULL)
#15 C:/laragon/www/hrd/database/seeders/DatabaseSeeder.php(20): Illuminate/Database/Eloquent/Factories/Factory->create(Array)
#16 C:/laragon/www/hrd/vendor/laravel/framework/src/Illuminate/Container/BoundMethod.php(36): Database/Seeders/DatabaseSeeder->run()
#17 C:/laragon/www/hrd/vendor/laravel/framework/src/Illuminate/Container/Util.php(43): Illuminate/Container/BoundMethod::{closure:Illuminate/Container/BoundMethod::call():35}()
#18 C:/laragon/www/hrd/vendor/laravel/framework/src/Illuminate/Container/BoundMethod.php(96): Illuminate/Container/Util::unwrapIfClosure(Object(Closure))
#19 C:/laragon/www/hrd/vendor/laravel/framework/src/Illuminate/Container/BoundMethod.php(35): Illuminate/Container/BoundMethod::callBoundMethod(Object(Illuminate/Foundation/Application), Array, Object(Closure))
#20 C:/laragon/www/hrd/vendor/laravel/framework/src/Illuminate/Container/Container.php(799): Illuminate/Container/BoundMethod::call(Object(Illuminate/Foundation/Application), Array, Array, NULL)
#21 C:/laragon/www/hrd/vendor/laravel/framework/src/Illuminate/Database/Seeder.php(184): Illuminate/Container/Container->call(Array, Array)
#22 C:/laragon/www/hrd/vendor/laravel/framework/src/Illuminate/Database/Eloquent/Concerns/HasEvents.php(454): Illuminate/Database/Seeder->{closure:Illuminate/Database/Seeder::__invoke():183}()
#23 C:/laragon/www/hrd/vendor/laravel/framework/src/Illuminate/Database/Console/Seeds/WithoutModelEvents.php(17): Illuminate/Database/Eloquent/Model::withoutEvents(Object(Closure))
#24 C:/laragon/www/hrd/vendor/laravel/framework/src/Illuminate/Database/Seeder.php(193): Database/Seeders/DatabaseSeeder->{closure:Illuminate/Database/Console/Seeds/WithoutModelEvents::withoutModelEvents():17}()
#25 C:/laragon/www/hrd/vendor/laravel/framework/src/Illuminate/Database/Console/Seeds/SeedCommand.php(71): Illuminate/Database/Seeder->__invoke()
#26 C:/laragon/www/hrd/vendor/laravel/framework/src/Illuminate/Database/Eloquent/Concerns/GuardsAttributes.php(157): Illuminate/Database/Console/Seeds/SeedCommand->{closure:Illuminate/Database/Console/Seeds/SeedCommand::handle():70}()
#27 C:/laragon/www/hrd/vendor/laravel/framework/src/Illuminate/Database/Console/Seeds/SeedCommand.php(70): Illuminate/Database/Eloquent/Model::unguarded(Object(Closure))
#28 C:/laragon/www/hrd/vendor/laravel/framework/src/Illuminate/Container/BoundMethod.php(36): Illuminate/Database/Console/Seeds/SeedCommand->handle()
#29 C:/laragon/www/hrd/vendor/laravel/framework/src/Illuminate/Container/Util.php(43): Illuminate/Container/BoundMethod::{closure:Illuminate/Container/BoundMethod::call():35}()
#30 C:/laragon/www/hrd/vendor/laravel/framework/src/Illuminate/Container/BoundMethod.php(96): Illuminate/Container/Util::unwrapIfClosure(Object(Closure))
#31 C:/laragon/www/hrd/vendor/laravel/framework/src/Illuminate/Container/BoundMethod.php(35): Illuminate/Container/BoundMethod::callBoundMethod(Object(Illuminate/Foundation/Application), Array, Object(Closure))
#32 C:/laragon/www/hrd/vendor/laravel/framework/src/Illuminate/Container/Container.php(799): Illuminate/Container/BoundMethod::call(Object(Illuminate/Foundation/Application), Array, Array, NULL)
#33 C:/laragon/www/hrd/vendor/laravel/framework/src/Illuminate/Console/Command.php(211): Illuminate/Container/Container->call(Array)
#34 C:/laragon/www/hrd/vendor/symfony/console/Command/Command.php(341): Illuminate/Console/Command->execute(Object(Symfony/Component/Console/Input/ArrayInput), Object(Illuminate/Console/OutputStyle))
#35 C:/laragon/www/hrd/vendor/laravel/framework/src/Illuminate/Console/Command.php(180): Symfony/Component/Console/Command/Command->run(Object(Symfony/Component/Console/Input/ArrayInput), Object(Illuminate/Console/OutputStyle))
#36 C:/laragon/www/hrd/vendor/laravel/framework/src/Illuminate/Console/Concerns/CallsCommands.php(68): Illuminate/Console/Command->run(Object(Symfony/Component/Console/Input/ArrayInput), Object(Illuminate/Console/OutputStyle))
#37 C:/laragon/www/hrd/vendor/laravel/framework/src/Illuminate/Console/Concerns/CallsCommands.php(29): Illuminate/Console/Command->runCommand('db:seed', Array, Object(Illuminate/Console/OutputStyle))
#38 C:/laragon/www/hrd/vendor/laravel/framework/src/Illuminate/Database/Console/Migrations/MigrateCommand.php(125): Illuminate/Console/Command->call('db:seed', Array)
#39 C:/laragon/www/hrd/vendor/laravel/framework/src/Illuminate/Database/Migrations/Migrator.php(671): Illuminate/Database/Console/Migrations/MigrateCommand->{closure:Illuminate/Database/Console/Migrations/MigrateCommand::runMigrations():109}()
#40 C:/laragon/www/hrd/vendor/laravel/framework/src/Illuminate/Database/Console/Migrations/MigrateCommand.php(109): Illuminate/Database/Migrations/Migrator->usingConnection(NULL, Object(Closure))
#41 C:/laragon/www/hrd/vendor/laravel/framework/src/Illuminate/Database/Console/Migrations/MigrateCommand.php(88): Illuminate/Database/Console/Migrations/MigrateCommand->runMigrations()
#42 C:/laragon/www/hrd/vendor/laravel/framework/src/Illuminate/Container/BoundMethod.php(36): Illuminate/Database/Console/Migrations/MigrateCommand->handle()
#43 C:/laragon/www/hrd/vendor/laravel/framework/src/Illuminate/Container/Util.php(43): Illuminate/Container/BoundMethod::{closure:Illuminate/Container/BoundMethod::call():35}()
#44 C:/laragon/www/hrd/vendor/laravel/framework/src/Illuminate/Container/BoundMethod.php(96): Illuminate/Container/Util::unwrapIfClosure(Object(Closure))
#45 C:/laragon/www/hrd/vendor/laravel/framework/src/Illuminate/Container/BoundMethod.php(35): Illuminate/Container/BoundMethod::callBoundMethod(Object(Illuminate/Foundation/Application), Array, Object(Closure))
#46 C:/laragon/www/hrd/vendor/laravel/framework/src/Illuminate/Container/Container.php(799): Illuminate/Container/BoundMethod::call(Object(Illuminate/Foundation/Application), Array, Array, NULL)
#47 C:/laragon/www/hrd/vendor/laravel/framework/src/Illuminate/Console/Command.php(211): Illuminate/Container/Container->call(Array)
#48 C:/laragon/www/hrd/vendor/symfony/console/Command/Command.php(341): Illuminate/Console/Command->execute(Object(Symfony/Component/Console/Input/ArgvInput), Object(Illuminate/Console/OutputStyle))
#49 C:/laragon/www/hrd/vendor/laravel/framework/src/Illuminate/Console/Command.php(180): Symfony/Component/Console/Command/Command->run(Object(Symfony/Component/Console/Input/ArgvInput), Object(Illuminate/Console/OutputStyle))
#50 C:/laragon/www/hrd/vendor/symfony/console/Application.php(1117): Illuminate/Console/Command->run(Object(Symfony/Component/Console/Input/ArgvInput), Object(Symfony/Component/Console/Output/ConsoleOutput))
#51 C:/laragon/www/hrd/vendor/symfony/console/Application.php(356): Symfony/Component/Console/Application->doRunCommand(Object(Illuminate/Database/Console/Migrations/MigrateCommand), Object(Symfony/Component/Console/Input/ArgvInput), Object(Symfony/Component/Console/Output/ConsoleOutput))
#52 C:/laragon/www/hrd/vendor/symfony/console/Application.php(195): Symfony/Component/Console/Application->doRun(Object(Symfony/Component/Console/Input/ArgvInput), Object(Symfony/Component/Console/Output/ConsoleOutput))
#53 C:/laragon/www/hrd/vendor/laravel/framework/src/Illuminate/Foundation/Console/Kernel.php(198): Symfony/Component/Console/Application->run(Object(Symfony/Component/Console/Input/ArgvInput), Object(Symfony/Component/Console/Output/ConsoleOutput))
#54 C:/laragon/www/hrd/vendor/laravel/framework/src/Illuminate/Foundation/Application.php(1235): Illuminate/Foundation/Console/Kernel->handle(Object(Symfony/Component/Console/Input/ArgvInput), Object(Symfony/Component/Console/Output/ConsoleOutput))
#55 C:/laragon/www/hrd/artisan(16): Illuminate/Foundation/Application->handleCommand(Object(Symfony/Component/Console/Input/ArgvInput))
#56 {main}
"} 
[2026-09-03 07:36:16] local.ERROR: SQLSTATE[HY000]: General error: 1364 Field 'role_id' doesn't have a default value (Connection: mysql, Host: 127.0.0.1, Port: 3306, Database: hrd, SQL: insert into `users` (`name`, `email`, `email_verified_at`, `password`, `remember_token`, `updated_at`, `created_at`) values (Test User, test@example.com, 2026-09-03 07:36:15, $2y$12$qp5/3.OWVpeUMUeXAdpd3e0bmcvNCMZCPz13YGl9cdUFFyzpdip3O, Vn0lLTSUu3, 2026-09-03 07:36:16, 2026-09-03 07:36:16)) {"exception":"[object] (Illuminate\\Database\\QueryException(code: HY000): SQLSTATE[HY000]: General error: 1364 Field 'role_id' doesn't have a default value (Connection: mysql, Host: 127.0.0.1, Port: 3306, Database: hrd, SQL: insert into `users` (`name`, `email`, `email_verified_at`, `password`, `remember_token`, `updated_at`, `created_at`) values (Test User, test@example.com, 2026-09-03 07:36:15, $2y$12$qp5/3.OWVpeUMUeXAdpd3e0bmcvNCMZCPz13YGl9cdUFFyzpdip3O, Vn0lLTSUu3, 2026-09-03 07:36:16, 2026-09-03 07:36:16)) at C:/laragon/www/hrd/vendor/laravel/framework/src/Illuminate/Database/Connection.php:838)
[stacktrace]
#0 C:/laragon/www/hrd/vendor/laravel/framework/src/Illuminate/Database/Connection.php(794): Illuminate/Database/Connection->runQueryCallback('insert into `us...', Array, Object(Closure))
#1 C:/laragon/www/hrd/vendor/laravel/framework/src/Illuminate/Database/MySqlConnection.php(42): Illuminate/Database/Connection->run('insert into `us...', Array, Object(Closure))
#2 C:/laragon/www/hrd/vendor/laravel/framework/src/Illuminate/Database/Query/Processors/MySqlProcessor.php(35): Illuminate/Database/MySqlConnection->insert('insert into `us...', Array, 'id')
#3 C:/laragon/www/hrd/vendor/laravel/framework/src/Illuminate/Database/Query/Builder.php(4170): Illuminate/Database/Query/Processors/MySqlProcessor->processInsertGetId(Object(Illuminate/Database/Query/Builder), 'insert into `us...', Array, 'id')
#4 C:/laragon/www/hrd/vendor/laravel/framework/src/Illuminate/Database/Eloquent/Builder.php(2237): Illuminate/Database/Query/Builder->insertGetId(Array, 'id')
#5 C:/laragon/www/hrd/vendor/laravel/framework/src/Illuminate/Database/Eloquent/Model.php(1436): Illuminate/Database/Eloquent/Builder->__call('insertGetId', Array)
#6 C:/laragon/www/hrd/vendor/laravel/framework/src/Illuminate/Database/Eloquent/Model.php(1401): Illuminate/Database/Eloquent/Model->insertAndSetId(Object(Illuminate/Database/Eloquent/Builder), Array)
#7 C:/laragon/www/hrd/vendor/laravel/framework/src/Illuminate/Database/Eloquent/Model.php(1240): Illuminate/Database/Eloquent/Model->performInsert(Object(Illuminate/Database/Eloquent/Builder))
#8 C:/laragon/www/hrd/vendor/laravel/framework/src/Illuminate/Database/Eloquent/Factories/Factory.php(370): Illuminate/Database/Eloquent/Model->save()
#9 C:/laragon/www/hrd/vendor/laravel/framework/src/Illuminate/Collections/Traits/EnumeratesValues.php(275): Illuminate/Database/Eloquent/Factories/Factory->{closure:Illuminate/Database/Eloquent/Factories/Factory::store():365}(Object(App/Models/User), 0)
#10 C:/laragon/www/hrd/vendor/laravel/framework/src/Illuminate/Database/Eloquent/Factories/Factory.php(365): Illuminate/Support/Collection->each(Object(Closure))
#11 C:/laragon/www/hrd/vendor/laravel/framework/src/Illuminate/Database/Eloquent/Factories/Factory.php(321): Illuminate/Database/Eloquent/Factories/Factory->store(Object(Illuminate/Support/Collection))
#12 C:/laragon/www/hrd/vendor/laravel/framework/src/Illuminate/Database/Eloquent/Factories/Factory.php(315): Illuminate/Database/Eloquent/Factories/Factory->create(Array, NULL)
#13 C:/laragon/www/hrd/database/seeders/DatabaseSeeder.php(20): Illuminate/Database/Eloquent/Factories/Factory->create(Array)
#14 C:/laragon/www/hrd/vendor/laravel/framework/src/Illuminate/Container/BoundMethod.php(36): Database/Seeders/DatabaseSeeder->run()
#15 C:/laragon/www/hrd/vendor/laravel/framework/src/Illuminate/Container/Util.php(43): Illuminate/Container/BoundMethod::{closure:Illuminate/Container/BoundMethod::call():35}()
#16 C:/laragon/www/hrd/vendor/laravel/framework/src/Illuminate/Container/BoundMethod.php(96): Illuminate/Container/Util::unwrapIfClosure(Object(Closure))
#17 C:/laragon/www/hrd/vendor/laravel/framework/src/Illuminate/Container/BoundMethod.php(35): Illuminate/Container/BoundMethod::callBoundMethod(Object(Illuminate/Foundation/Application), Array, Object(Closure))
#18 C:/laragon/www/hrd/vendor/laravel/framework/src/Illuminate/Container/Container.php(799): Illuminate/Container/BoundMethod::call(Object(Illuminate/Foundation/Application), Array, Array, NULL)
#19 C:/laragon/www/hrd/vendor/laravel/framework/src/Illuminate/Database/Seeder.php(184): Illuminate/Container/Container->call(Array, Array)
#20 C:/laragon/www/hrd/vendor/laravel/framework/src/Illuminate/Database/Eloquent/Concerns/HasEvents.php(454): Illuminate/Database/Seeder->{closure:Illuminate/Database/Seeder::__invoke():183}()
#21 C:/laragon/www/hrd/vendor/laravel/framework/src/Illuminate/Database/Console/Seeds/WithoutModelEvents.php(17): Illuminate/Database/Eloquent/Model::withoutEvents(Object(Closure))
#22 C:/laragon/www/hrd/vendor/laravel/framework/src/Illuminate/Database/Seeder.php(193): Database/Seeders/DatabaseSeeder->{closure:Illuminate/Database/Console/Seeds/WithoutModelEvents::withoutModelEvents():17}()
#23 C:/laragon/www/hrd/vendor/laravel/framework/src/Illuminate/Database/Console/Seeds/SeedCommand.php(71): Illuminate/Database/Seeder->__invoke()
#24 C:/laragon/www/hrd/vendor/laravel/framework/src/Illuminate/Database/Eloquent/Concerns/GuardsAttributes.php(157): Illuminate/Database/Console/Seeds/SeedCommand->{closure:Illuminate/Database/Console/Seeds/SeedCommand::handle():70}()
#25 C:/laragon/www/hrd/vendor/laravel/framework/src/Illuminate/Database/Console/Seeds/SeedCommand.php(70): Illuminate/Database/Eloquent/Model::unguarded(Object(Closure))
#26 C:/laragon/www/hrd/vendor/laravel/framework/src/Illuminate/Container/BoundMethod.php(36): Illuminate/Database/Console/Seeds/SeedCommand->handle()
#27 C:/laragon/www/hrd/vendor/laravel/framework/src/Illuminate/Container/Util.php(43): Illuminate/Container/BoundMethod::{closure:Illuminate/Container/BoundMethod::call():35}()
#28 C:/laragon/www/hrd/vendor/laravel/framework/src/Illuminate/Container/BoundMethod.php(96): Illuminate/Container/Util::unwrapIfClosure(Object(Closure))
#29 C:/laragon/www/hrd/vendor/laravel/framework/src/Illuminate/Container/BoundMethod.php(35): Illuminate/Container/BoundMethod::callBoundMethod(Object(Illuminate/Foundation/Application), Array, Object(Closure))
#30 C:/laragon/www/hrd/vendor/laravel/framework/src/Illuminate/Container/Container.php(799): Illuminate/Container/BoundMethod::call(Object(Illuminate/Foundation/Application), Array, Array, NULL)
#31 C:/laragon/www/hrd/vendor/laravel/framework/src/Illuminate/Console/Command.php(211): Illuminate/Container/Container->call(Array)
#32 C:/laragon/www/hrd/vendor/symfony/console/Command/Command.php(341): Illuminate/Console/Command->execute(Object(Symfony/Component/Console/Input/ArrayInput), Object(Illuminate/Console/OutputStyle))
#33 C:/laragon/www/hrd/vendor/laravel/framework/src/Illuminate/Console/Command.php(180): Symfony/Component/Console/Command/Command->run(Object(Symfony/Component/Console/Input/ArrayInput), Object(Illuminate/Console/OutputStyle))
#34 C:/laragon/www/hrd/vendor/laravel/framework/src/Illuminate/Console/Concerns/CallsCommands.php(68): Illuminate/Console/Command->run(Object(Symfony/Component/Console/Input/ArrayInput), Object(Illuminate/Console/OutputStyle))
#35 C:/laragon/www/hrd/vendor/laravel/framework/src/Illuminate/Console/Concerns/CallsCommands.php(29): Illuminate/Console/Command->runCommand('db:seed', Array, Object(Illuminate/Console/OutputStyle))
#36 C:/laragon/www/hrd/vendor/laravel/framework/src/Illuminate/Database/Console/Migrations/MigrateCommand.php(125): Illuminate/Console/Command->call('db:seed', Array)
#37 C:/laragon/www/hrd/vendor/laravel/framework/src/Illuminate/Database/Migrations/Migrator.php(671): Illuminate/Database/Console/Migrations/MigrateCommand->{closure:Illuminate/Database/Console/Migrations/MigrateCommand::runMigrations():109}()
#38 C:/laragon/www/hrd/vendor/laravel/framework/src/Illuminate/Database/Console/Migrations/MigrateCommand.php(109): Illuminate/Database/Migrations/Migrator->usingConnection(NULL, Object(Closure))
#39 C:/laragon/www/hrd/vendor/laravel/framework/src/Illuminate/Database/Console/Migrations/MigrateCommand.php(88): Illuminate/Database/Console/Migrations/MigrateCommand->runMigrations()
#40 C:/laragon/www/hrd/vendor/laravel/framework/src/Illuminate/Container/BoundMethod.php(36): Illuminate/Database/Console/Migrations/MigrateCommand->handle()
#41 C:/laragon/www/hrd/vendor/laravel/framework/src/Illuminate/Container/Util.php(43): Illuminate/Container/BoundMethod::{closure:Illuminate/Container/BoundMethod::call():35}()
#42 C:/laragon/www/hrd/vendor/laravel/framework/src/Illuminate/Container/BoundMethod.php(96): Illuminate/Container/Util::unwrapIfClosure(Object(Closure))
#43 C:/laragon/www/hrd/vendor/laravel/framework/src/Illuminate/Container/BoundMethod.php(35): Illuminate/Container/BoundMethod::callBoundMethod(Object(Illuminate/Foundation/Application), Array, Object(Closure))
#44 C:/laragon/www/hrd/vendor/laravel/framework/src/Illuminate/Container/Container.php(799): Illuminate/Container/BoundMethod::call(Object(Illuminate/Foundation/Application), Array, Array, NULL)
#45 C:/laragon/www/hrd/vendor/laravel/framework/src/Illuminate/Console/Command.php(211): Illuminate/Container/Container->call(Array)
#46 C:/laragon/www/hrd/vendor/symfony/console/Command/Command.php(341): Illuminate/Console/Command->execute(Object(Symfony/Component/Console/Input/ArgvInput), Object(Illuminate/Console/OutputStyle))
#47 C:/laragon/www/hrd/vendor/laravel/framework/src/Illuminate/Console/Command.php(180): Symfony/Component/Console/Command/Command->run(Object(Symfony/Component/Console/Input/ArgvInput), Object(Illuminate/Console/OutputStyle))
#48 C:/laragon/www/hrd/vendor/symfony/console/Application.php(1117): Illuminate/Console/Command->run(Object(Symfony/Component/Console/Input/ArgvInput), Object(Symfony/Component/Console/Output/ConsoleOutput))
#49 C:/laragon/www/hrd/vendor/symfony/console/Application.php(356): Symfony/Component/Console/Application->doRunCommand(Object(Illuminate/Database/Console/Migrations/MigrateCommand), Object(Symfony/Component/Console/Input/ArgvInput), Object(Symfony/Component/Console/Output/ConsoleOutput))
#50 C:/laragon/www/hrd/vendor/symfony/console/Application.php(195): Symfony/Component/Console/Application->doRun(Object(Symfony/Component/Console/Input/ArgvInput), Object(Symfony/Component/Console/Output/ConsoleOutput))
#51 C:/laragon/www/hrd/vendor/laravel/framework/src/Illuminate/Foundation/Console/Kernel.php(198): Symfony/Component/Console/Application->run(Object(Symfony/Component/Console/Input/ArgvInput), Object(Symfony/Component/Console/Output/ConsoleOutput))
#52 C:/laragon/www/hrd/vendor/laravel/framework/src/Illuminate/Foundation/Application.php(1235): Illuminate/Foundation/Console/Kernel->handle(Object(Symfony/Component/Console/Input/ArgvInput), Object(Symfony/Component/Console/Output/ConsoleOutput))
#53 C:/laragon/www/hrd/artisan(16): Illuminate/Foundation/Application->handleCommand(Object(Symfony/Component/Console/Input/ArgvInput))
#54 {main}

[previous exception] [object] (PDOException(code: HY000): SQLSTATE[HY000]: General error: 1364 Field 'role_id' doesn't have a default value at C:/laragon/www/hrd/vendor/laravel/framework/src/Illuminate/Database/MySqlConnection.php:53)
[stacktrace]
#0 C:/laragon/www/hrd/vendor/laravel/framework/src/Illuminate/Database/MySqlConnection.php(53): PDOStatement->execute()
#1 C:/laragon/www/hrd/vendor/laravel/framework/src/Illuminate/Database/Connection.php(827): Illuminate/Database/MySqlConnection->{closure:Illuminate/Database/MySqlConnection::insert():42}('insert into `us...', Array)
#2 C:/laragon/www/hrd/vendor/laravel/framework/src/Illuminate/Database/Connection.php(794): Illuminate/Database/Connection->runQueryCallback('insert into `us...', Array, Object(Closure))
#3 C:/laragon/www/hrd/vendor/laravel/framework/src/Illuminate/Database/MySqlConnection.php(42): Illuminate/Database/Connection->run('insert into `us...', Array, Object(Closure))
#4 C:/laragon/www/hrd/vendor/laravel/framework/src/Illuminate/Database/Query/Processors/MySqlProcessor.php(35): Illuminate/Database/MySqlConnection->insert('insert into `us...', Array, 'id')
#5 C:/laragon/www/hrd/vendor/laravel/framework/src/Illuminate/Database/Query/Builder.php(4170): Illuminate/Database/Query/Processors/MySqlProcessor->processInsertGetId(Object(Illuminate/Database/Query/Builder), 'insert into `us...', Array, 'id')
#6 C:/laragon/www/hrd/vendor/laravel/framework/src/Illuminate/Database/Eloquent/Builder.php(2237): Illuminate/Database/Query/Builder->insertGetId(Array, 'id')
#7 C:/laragon/www/hrd/vendor/laravel/framework/src/Illuminate/Database/Eloquent/Model.php(1436): Illuminate/Database/Eloquent/Builder->__call('insertGetId', Array)
#8 C:/laragon/www/hrd/vendor/laravel/framework/src/Illuminate/Database/Eloquent/Model.php(1401): Illuminate/Database/Eloquent/Model->insertAndSetId(Object(Illuminate/Database/Eloquent/Builder), Array)
#9 C:/laragon/www/hrd/vendor/laravel/framework/src/Illuminate/Database/Eloquent/Model.php(1240): Illuminate/Database/Eloquent/Model->performInsert(Object(Illuminate/Database/Eloquent/Builder))
#10 C:/laragon/www/hrd/vendor/laravel/framework/src/Illuminate/Database/Eloquent/Factories/Factory.php(370): Illuminate/Database/Eloquent/Model->save()
#11 C:/laragon/www/hrd/vendor/laravel/framework/src/Illuminate/Collections/Traits/EnumeratesValues.php(275): Illuminate/Database/Eloquent/Factories/Factory->{closure:Illuminate/Database/Eloquent/Factories/Factory::store():365}(Object(App/Models/User), 0)
#12 C:/laragon/www/hrd/vendor/laravel/framework/src/Illuminate/Database/Eloquent/Factories/Factory.php(365): Illuminate/Support/Collection->each(Object(Closure))
#13 C:/laragon/www/hrd/vendor/laravel/framework/src/Illuminate/Database/Eloquent/Factories/Factory.php(321): Illuminate/Database/Eloquent/Factories/Factory->store(Object(Illuminate/Support/Collection))
#14 C:/laragon/www/hrd/vendor/laravel/framework/src/Illuminate/Database/Eloquent/Factories/Factory.php(315): Illuminate/Database/Eloquent/Factories/Factory->create(Array, NULL)
#15 C:/laragon/www/hrd/database/seeders/DatabaseSeeder.php(20): Illuminate/Database/Eloquent/Factories/Factory->create(Array)
#16 C:/laragon/www/hrd/vendor/laravel/framework/src/Illuminate/Container/BoundMethod.php(36): Database/Seeders/DatabaseSeeder->run()
#17 C:/laragon/www/hrd/vendor/laravel/framework/src/Illuminate/Container/Util.php(43): Illuminate/Container/BoundMethod::{closure:Illuminate/Container/BoundMethod::call():35}()
#18 C:/laragon/www/hrd/vendor/laravel/framework/src/Illuminate/Container/BoundMethod.php(96): Illuminate/Container/Util::unwrapIfClosure(Object(Closure))
#19 C:/laragon/www/hrd/vendor/laravel/framework/src/Illuminate/Container/BoundMethod.php(35): Illuminate/Container/BoundMethod::callBoundMethod(Object(Illuminate/Foundation/Application), Array, Object(Closure))
#20 C:/laragon/www/hrd/vendor/laravel/framework/src/Illuminate/Container/Container.php(799): Illuminate/Container/BoundMethod::call(Object(Illuminate/Foundation/Application), Array, Array, NULL)
#21 C:/laragon/www/hrd/vendor/laravel/framework/src/Illuminate/Database/Seeder.php(184): Illuminate/Container/Container->call(Array, Array)
#22 C:/laragon/www/hrd/vendor/laravel/framework/src/Illuminate/Database/Eloquent/Concerns/HasEvents.php(454): Illuminate/Database/Seeder->{closure:Illuminate/Database/Seeder::__invoke():183}()
#23 C:/laragon/www/hrd/vendor/laravel/framework/src/Illuminate/Database/Console/Seeds/WithoutModelEvents.php(17): Illuminate/Database/Eloquent/Model::withoutEvents(Object(Closure))
#24 C:/laragon/www/hrd/vendor/laravel/framework/src/Illuminate/Database/Seeder.php(193): Database/Seeders/DatabaseSeeder->{closure:Illuminate/Database/Console/Seeds/WithoutModelEvents::withoutModelEvents():17}()
#25 C:/laragon/www/hrd/vendor/laravel/framework/src/Illuminate/Database/Console/Seeds/SeedCommand.php(71): Illuminate/Database/Seeder->__invoke()
#26 C:/laragon/www/hrd/vendor/laravel/framework/src/Illuminate/Database/Eloquent/Concerns/GuardsAttributes.php(157): Illuminate/Database/Console/Seeds/SeedCommand->{closure:Illuminate/Database/Console/Seeds/SeedCommand::handle():70}()
#27 C:/laragon/www/hrd/vendor/laravel/framework/src/Illuminate/Database/Console/Seeds/SeedCommand.php(70): Illuminate/Database/Eloquent/Model::unguarded(Object(Closure))
#28 C:/laragon/www/hrd/vendor/laravel/framework/src/Illuminate/Container/BoundMethod.php(36): Illuminate/Database/Console/Seeds/SeedCommand->handle()
#29 C:/laragon/www/hrd/vendor/laravel/framework/src/Illuminate/Container/Util.php(43): Illuminate/Container/BoundMethod::{closure:Illuminate/Container/BoundMethod::call():35}()
#30 C:/laragon/www/hrd/vendor/laravel/framework/src/Illuminate/Container/BoundMethod.php(96): Illuminate/Container/Util::unwrapIfClosure(Object(Closure))
#31 C:/laragon/www/hrd/vendor/laravel/framework/src/Illuminate/Container/BoundMethod.php(35): Illuminate/Container/BoundMethod::callBoundMethod(Object(Illuminate/Foundation/Application), Array, Object(Closure))
#32 C:/laragon/www/hrd/vendor/laravel/framework/src/Illuminate/Container/Container.php(799): Illuminate/Container/BoundMethod::call(Object(Illuminate/Foundation/Application), Array, Array, NULL)
#33 C:/laragon/www/hrd/vendor/laravel/framework/src/Illuminate/Console/Command.php(211): Illuminate/Container/Container->call(Array)
#34 C:/laragon/www/hrd/vendor/symfony/console/Command/Command.php(341): Illuminate/Console/Command->execute(Object(Symfony/Component/Console/Input/ArrayInput), Object(Illuminate/Console/OutputStyle))
#35 C:/laragon/www/hrd/vendor/laravel/framework/src/Illuminate/Console/Command.php(180): Symfony/Component/Console/Command/Command->run(Object(Symfony/Component/Console/Input/ArrayInput), Object(Illuminate/Console/OutputStyle))
#36 C:/laragon/www/hrd/vendor/laravel/framework/src/Illuminate/Console/Concerns/CallsCommands.php(68): Illuminate/Console/Command->run(Object(Symfony/Component/Console/Input/ArrayInput), Object(Illuminate/Console/OutputStyle))
#37 C:/laragon/www/hrd/vendor/laravel/framework/src/Illuminate/Console/Concerns/CallsCommands.php(29): Illuminate/Console/Command->runCommand('db:seed', Array, Object(Illuminate/Console/OutputStyle))
#38 C:/laragon/www/hrd/vendor/laravel/framework/src/Illuminate/Database/Console/Migrations/MigrateCommand.php(125): Illuminate/Console/Command->call('db:seed', Array)
#39 C:/laragon/www/hrd/vendor/laravel/framework/src/Illuminate/Database/Migrations/Migrator.php(671): Illuminate/Database/Console/Migrations/MigrateCommand->{closure:Illuminate/Database/Console/Migrations/MigrateCommand::runMigrations():109}()
#40 C:/laragon/www/hrd/vendor/laravel/framework/src/Illuminate/Database/Console/Migrations/MigrateCommand.php(109): Illuminate/Database/Migrations/Migrator->usingConnection(NULL, Object(Closure))
#41 C:/laragon/www/hrd/vendor/laravel/framework/src/Illuminate/Database/Console/Migrations/MigrateCommand.php(88): Illuminate/Database/Console/Migrations/MigrateCommand->runMigrations()
#42 C:/laragon/www/hrd/vendor/laravel/framework/src/Illuminate/Container/BoundMethod.php(36): Illuminate/Database/Console/Migrations/MigrateCommand->handle()
#43 C:/laragon/www/hrd/vendor/laravel/framework/src/Illuminate/Container/Util.php(43): Illuminate/Container/BoundMethod::{closure:Illuminate/Container/BoundMethod::call():35}()
#44 C:/laragon/www/hrd/vendor/laravel/framework/src/Illuminate/Container/BoundMethod.php(96): Illuminate/Container/Util::unwrapIfClosure(Object(Closure))
#45 C:/laragon/www/hrd/vendor/laravel/framework/src/Illuminate/Container/BoundMethod.php(35): Illuminate/Container/BoundMethod::callBoundMethod(Object(Illuminate/Foundation/Application), Array, Object(Closure))
#46 C:/laragon/www/hrd/vendor/laravel/framework/src/Illuminate/Container/Container.php(799): Illuminate/Container/BoundMethod::call(Object(Illuminate/Foundation/Application), Array, Array, NULL)
#47 C:/laragon/www/hrd/vendor/laravel/framework/src/Illuminate/Console/Command.php(211): Illuminate/Container/Container->call(Array)
#48 C:/laragon/www/hrd/vendor/symfony/console/Command/Command.php(341): Illuminate/Console/Command->execute(Object(Symfony/Component/Console/Input/ArgvInput), Object(Illuminate/Console/OutputStyle))
#49 C:/laragon/www/hrd/vendor/laravel/framework/src/Illuminate/Console/Command.php(180): Symfony/Component/Console/Command/Command->run(Object(Symfony/Component/Console/Input/ArgvInput), Object(Illuminate/Console/OutputStyle))
#50 C:/laragon/www/hrd/vendor/symfony/console/Application.php(1117): Illuminate/Console/Command->run(Object(Symfony/Component/Console/Input/ArgvInput), Object(Symfony/Component/Console/Output/ConsoleOutput))
#51 C:/laragon/www/hrd/vendor/symfony/console/Application.php(356): Symfony/Component/Console/Application->doRunCommand(Object(Illuminate/Database/Console/Migrations/MigrateCommand), Object(Symfony/Component/Console/Input/ArgvInput), Object(Symfony/Component/Console/Output/ConsoleOutput))
#52 C:/laragon/www/hrd/vendor/symfony/console/Application.php(195): Symfony/Component/Console/Application->doRun(Object(Symfony/Component/Console/Input/ArgvInput), Object(Symfony/Component/Console/Output/ConsoleOutput))
#53 C:/laragon/www/hrd/vendor/laravel/framework/src/Illuminate/Foundation/Console/Kernel.php(198): Symfony/Component/Console/Application->run(Object(Symfony/Component/Console/Input/ArgvInput), Object(Symfony/Component/Console/Output/ConsoleOutput))
#54 C:/laragon/www/hrd/vendor/laravel/framework/src/Illuminate/Foundation/Application.php(1235): Illuminate/Foundation/Console/Kernel->handle(Object(Symfony/Component/Console/Input/ArgvInput), Object(Symfony/Component/Console/Output/ConsoleOutput))
#55 C:/laragon/www/hrd/artisan(16): Illuminate/Foundation/Application->handleCommand(Object(Symfony/Component/Console/Input/ArgvInput))
#56 {main}
"} 
[2026-09-03 07:36:26] local.ERROR: Class "Database\Seeders\Role" not found {"exception":"[object] (Error(code: 0): Class \"Database\\Seeders\\Role\" not found at C:/laragon/www/hrd/database/seeders/RoleSeeder.php:15)
[stacktrace]
#0 C:/laragon/www/hrd/vendor/laravel/framework/src/Illuminate/Container/BoundMethod.php(36): Database/Seeders/RoleSeeder->run()
#1 C:/laragon/www/hrd/vendor/laravel/framework/src/Illuminate/Container/Util.php(43): Illuminate/Container/BoundMethod::{closure:Illuminate/Container/BoundMethod::call():35}()
#2 C:/laragon/www/hrd/vendor/laravel/framework/src/Illuminate/Container/BoundMethod.php(96): Illuminate/Container/Util::unwrapIfClosure(Object(Closure))
#3 C:/laragon/www/hrd/vendor/laravel/framework/src/Illuminate/Container/BoundMethod.php(35): Illuminate/Container/BoundMethod::callBoundMethod(Object(Illuminate/Foundation/Application), Array, Object(Closure))
#4 C:/laragon/www/hrd/vendor/laravel/framework/src/Illuminate/Container/Container.php(799): Illuminate/Container/BoundMethod::call(Object(Illuminate/Foundation/Application), Array, Array, NULL)
#5 C:/laragon/www/hrd/vendor/laravel/framework/src/Illuminate/Database/Seeder.php(184): Illuminate/Container/Container->call(Array, Array)
#6 C:/laragon/www/hrd/vendor/laravel/framework/src/Illuminate/Database/Seeder.php(193): Illuminate/Database/Seeder->{closure:Illuminate/Database/Seeder::__invoke():183}()
#7 C:/laragon/www/hrd/vendor/laravel/framework/src/Illuminate/Database/Seeder.php(59): Illuminate/Database/Seeder->__invoke(Array)
#8 C:/laragon/www/hrd/database/seeders/DatabaseSeeder.php(21): Illuminate/Database/Seeder->call('Database//Seeder...')
#9 C:/laragon/www/hrd/vendor/laravel/framework/src/Illuminate/Container/BoundMethod.php(36): Database/Seeders/DatabaseSeeder->run()
#10 C:/laragon/www/hrd/vendor/laravel/framework/src/Illuminate/Container/Util.php(43): Illuminate/Container/BoundMethod::{closure:Illuminate/Container/BoundMethod::call():35}()
#11 C:/laragon/www/hrd/vendor/laravel/framework/src/Illuminate/Container/BoundMethod.php(96): Illuminate/Container/Util::unwrapIfClosure(Object(Closure))
#12 C:/laragon/www/hrd/vendor/laravel/framework/src/Illuminate/Container/BoundMethod.php(35): Illuminate/Container/BoundMethod::callBoundMethod(Object(Illuminate/Foundation/Application), Array, Object(Closure))
#13 C:/laragon/www/hrd/vendor/laravel/framework/src/Illuminate/Container/Container.php(799): Illuminate/Container/BoundMethod::call(Object(Illuminate/Foundation/Application), Array, Array, NULL)
#14 C:/laragon/www/hrd/vendor/laravel/framework/src/Illuminate/Database/Seeder.php(184): Illuminate/Container/Container->call(Array, Array)
#15 C:/laragon/www/hrd/vendor/laravel/framework/src/Illuminate/Database/Eloquent/Concerns/HasEvents.php(454): Illuminate/Database/Seeder->{closure:Illuminate/Database/Seeder::__invoke():183}()
#16 C:/laragon/www/hrd/vendor/laravel/framework/src/Illuminate/Database/Console/Seeds/WithoutModelEvents.php(17): Illuminate/Database/Eloquent/Model::withoutEvents(Object(Closure))
#17 C:/laragon/www/hrd/vendor/laravel/framework/src/Illuminate/Database/Seeder.php(193): Database/Seeders/DatabaseSeeder->{closure:Illuminate/Database/Console/Seeds/WithoutModelEvents::withoutModelEvents():17}()
#18 C:/laragon/www/hrd/vendor/laravel/framework/src/Illuminate/Database/Console/Seeds/SeedCommand.php(71): Illuminate/Database/Seeder->__invoke()
#19 C:/laragon/www/hrd/vendor/laravel/framework/src/Illuminate/Database/Eloquent/Concerns/GuardsAttributes.php(157): Illuminate/Database/Console/Seeds/SeedCommand->{closure:Illuminate/Database/Console/Seeds/SeedCommand::handle():70}()
#20 C:/laragon/www/hrd/vendor/laravel/framework/src/Illuminate/Database/Console/Seeds/SeedCommand.php(70): Illuminate/Database/Eloquent/Model::unguarded(Object(Closure))
#21 C:/laragon/www/hrd/vendor/laravel/framework/src/Illuminate/Container/BoundMethod.php(36): Illuminate/Database/Console/Seeds/SeedCommand->handle()
#22 C:/laragon/www/hrd/vendor/laravel/framework/src/Illuminate/Container/Util.php(43): Illuminate/Container/BoundMethod::{closure:Illuminate/Container/BoundMethod::call():35}()
#23 C:/laragon/www/hrd/vendor/laravel/framework/src/Illuminate/Container/BoundMethod.php(96): Illuminate/Container/Util::unwrapIfClosure(Object(Closure))
#24 C:/laragon/www/hrd/vendor/laravel/framework/src/Illuminate/Container/BoundMethod.php(35): Illuminate/Container/BoundMethod::callBoundMethod(Object(Illuminate/Foundation/Application), Array, Object(Closure))
#25 C:/laragon/www/hrd/vendor/laravel/framework/src/Illuminate/Container/Container.php(799): Illuminate/Container/BoundMethod::call(Object(Illuminate/Foundation/Application), Array, Array, NULL)
#26 C:/laragon/www/hrd/vendor/laravel/framework/src/Illuminate/Console/Command.php(211): Illuminate/Container/Container->call(Array)
#27 C:/laragon/www/hrd/vendor/symfony/console/Command/Command.php(341): Illuminate/Console/Command->execute(Object(Symfony/Component/Console/Input/ArrayInput), Object(Illuminate/Console/OutputStyle))
#28 C:/laragon/www/hrd/vendor/laravel/framework/src/Illuminate/Console/Command.php(180): Symfony/Component/Console/Command/Command->run(Object(Symfony/Component/Console/Input/ArrayInput), Object(Illuminate/Console/OutputStyle))
#29 C:/laragon/www/hrd/vendor/laravel/framework/src/Illuminate/Console/Concerns/CallsCommands.php(68): Illuminate/Console/Command->run(Object(Symfony/Component/Console/Input/ArrayInput), Object(Illuminate/Console/OutputStyle))
#30 C:/laragon/www/hrd/vendor/laravel/framework/src/Illuminate/Console/Concerns/CallsCommands.php(29): Illuminate/Console/Command->runCommand('db:seed', Array, Object(Illuminate/Console/OutputStyle))
#31 C:/laragon/www/hrd/vendor/laravel/framework/src/Illuminate/Database/Console/Migrations/MigrateCommand.php(125): Illuminate/Console/Command->call('db:seed', Array)
#32 C:/laragon/www/hrd/vendor/laravel/framework/src/Illuminate/Database/Migrations/Migrator.php(671): Illuminate/Database/Console/Migrations/MigrateCommand->{closure:Illuminate/Database/Console/Migrations/MigrateCommand::runMigrations():109}()
#33 C:/laragon/www/hrd/vendor/laravel/framework/src/Illuminate/Database/Console/Migrations/MigrateCommand.php(109): Illuminate/Database/Migrations/Migrator->usingConnection(NULL, Object(Closure))
#34 C:/laragon/www/hrd/vendor/laravel/framework/src/Illuminate/Database/Console/Migrations/MigrateCommand.php(88): Illuminate/Database/Console/Migrations/MigrateCommand->runMigrations()
#35 C:/laragon/www/hrd/vendor/laravel/framework/src/Illuminate/Container/BoundMethod.php(36): Illuminate/Database/Console/Migrations/MigrateCommand->handle()
#36 C:/laragon/www/hrd/vendor/laravel/framework/src/Illuminate/Container/Util.php(43): Illuminate/Container/BoundMethod::{closure:Illuminate/Container/BoundMethod::call():35}()
#37 C:/laragon/www/hrd/vendor/laravel/framework/src/Illuminate/Container/BoundMethod.php(96): Illuminate/Container/Util::unwrapIfClosure(Object(Closure))
#38 C:/laragon/www/hrd/vendor/laravel/framework/src/Illuminate/Container/BoundMethod.php(35): Illuminate/Container/BoundMethod::callBoundMethod(Object(Illuminate/Foundation/Application), Array, Object(Closure))
#39 C:/laragon/www/hrd/vendor/laravel/framework/src/Illuminate/Container/Container.php(799): Illuminate/Container/BoundMethod::call(Object(Illuminate/Foundation/Application), Array, Array, NULL)
#40 C:/laragon/www/hrd/vendor/laravel/framework/src/Illuminate/Console/Command.php(211): Illuminate/Container/Container->call(Array)
#41 C:/laragon/www/hrd/vendor/symfony/console/Command/Command.php(341): Illuminate/Console/Command->execute(Object(Symfony/Component/Console/Input/ArgvInput), Object(Illuminate/Console/OutputStyle))
#42 C:/laragon/www/hrd/vendor/laravel/framework/src/Illuminate/Console/Command.php(180): Symfony/Component/Console/Command/Command->run(Object(Symfony/Component/Console/Input/ArgvInput), Object(Illuminate/Console/OutputStyle))
#43 C:/laragon/www/hrd/vendor/symfony/console/Application.php(1117): Illuminate/Console/Command->run(Object(Symfony/Component/Console/Input/ArgvInput), Object(Symfony/Component/Console/Output/ConsoleOutput))
#44 C:/laragon/www/hrd/vendor/symfony/console/Application.php(356): Symfony/Component/Console/Application->doRunCommand(Object(Illuminate/Database/Console/Migrations/MigrateCommand), Object(Symfony/Component/Console/Input/ArgvInput), Object(Symfony/Component/Console/Output/ConsoleOutput))
#45 C:/laragon/www/hrd/vendor/symfony/console/Application.php(195): Symfony/Component/Console/Application->doRun(Object(Symfony/Component/Console/Input/ArgvInput), Object(Symfony/Component/Console/Output/ConsoleOutput))
#46 C:/laragon/www/hrd/vendor/laravel/framework/src/Illuminate/Foundation/Console/Kernel.php(198): Symfony/Component/Console/Application->run(Object(Symfony/Component/Console/Input/ArgvInput), Object(Symfony/Component/Console/Output/ConsoleOutput))
#47 C:/laragon/www/hrd/vendor/laravel/framework/src/Illuminate/Foundation/Application.php(1235): Illuminate/Foundation/Console/Kernel->handle(Object(Symfony/Component/Console/Input/ArgvInput), Object(Symfony/Component/Console/Output/ConsoleOutput))
#48 C:/laragon/www/hrd/artisan(16): Illuminate/Foundation/Application->handleCommand(Object(Symfony/Component/Console/Input/ArgvInput))
#49 {main}
"} 
[2026-09-03 07:38:14] local.ERROR: SQLSTATE[HY000]: General error: 1364 Field 'role_id' doesn't have a default value (Connection: mysql, Host: 127.0.0.1, Port: 3306, Database: hrd, SQL: insert into `users` (`name`, `email`, `email_verified_at`, `password`, `remember_token`, `updated_at`, `created_at`) values (Test User, test@example.com, 2026-09-03 07:38:14, $2y$12$CEtt6IP4KYkNPcLGT1cC8ek5VVMIdj2u4b4kOKnQVcMTA7Dbe6fjO, Qa0XO7UkX0, 2026-09-03 07:38:14, 2026-09-03 07:38:14)) {"exception":"[object] (Illuminate\\Database\\QueryException(code: HY000): SQLSTATE[HY000]: General error: 1364 Field 'role_id' doesn't have a default value (Connection: mysql, Host: 127.0.0.1, Port: 3306, Database: hrd, SQL: insert into `users` (`name`, `email`, `email_verified_at`, `password`, `remember_token`, `updated_at`, `created_at`) values (Test User, test@example.com, 2026-09-03 07:38:14, $2y$12$CEtt6IP4KYkNPcLGT1cC8ek5VVMIdj2u4b4kOKnQVcMTA7Dbe6fjO, Qa0XO7UkX0, 2026-09-03 07:38:14, 2026-09-03 07:38:14)) at C:/laragon/www/hrd/vendor/laravel/framework/src/Illuminate/Database/Connection.php:838)
[stacktrace]
#0 C:/laragon/www/hrd/vendor/laravel/framework/src/Illuminate/Database/Connection.php(794): Illuminate/Database/Connection->runQueryCallback('insert into `us...', Array, Object(Closure))
#1 C:/laragon/www/hrd/vendor/laravel/framework/src/Illuminate/Database/MySqlConnection.php(42): Illuminate/Database/Connection->run('insert into `us...', Array, Object(Closure))
#2 C:/laragon/www/hrd/vendor/laravel/framework/src/Illuminate/Database/Query/Processors/MySqlProcessor.php(35): Illuminate/Database/MySqlConnection->insert('insert into `us...', Array, 'id')
#3 C:/laragon/www/hrd/vendor/laravel/framework/src/Illuminate/Database/Query/Builder.php(4170): Illuminate/Database/Query/Processors/MySqlProcessor->processInsertGetId(Object(Illuminate/Database/Query/Builder), 'insert into `us...', Array, 'id')
#4 C:/laragon/www/hrd/vendor/laravel/framework/src/Illuminate/Database/Eloquent/Builder.php(2237): Illuminate/Database/Query/Builder->insertGetId(Array, 'id')
#5 C:/laragon/www/hrd/vendor/laravel/framework/src/Illuminate/Database/Eloquent/Model.php(1436): Illuminate/Database/Eloquent/Builder->__call('insertGetId', Array)
#6 C:/laragon/www/hrd/vendor/laravel/framework/src/Illuminate/Database/Eloquent/Model.php(1401): Illuminate/Database/Eloquent/Model->insertAndSetId(Object(Illuminate/Database/Eloquent/Builder), Array)
#7 C:/laragon/www/hrd/vendor/laravel/framework/src/Illuminate/Database/Eloquent/Model.php(1240): Illuminate/Database/Eloquent/Model->performInsert(Object(Illuminate/Database/Eloquent/Builder))
#8 C:/laragon/www/hrd/vendor/laravel/framework/src/Illuminate/Database/Eloquent/Factories/Factory.php(370): Illuminate/Database/Eloquent/Model->save()
#9 C:/laragon/www/hrd/vendor/laravel/framework/src/Illuminate/Collections/Traits/EnumeratesValues.php(275): Illuminate/Database/Eloquent/Factories/Factory->{closure:Illuminate/Database/Eloquent/Factories/Factory::store():365}(Object(App/Models/User), 0)
#10 C:/laragon/www/hrd/vendor/laravel/framework/src/Illuminate/Database/Eloquent/Factories/Factory.php(365): Illuminate/Support/Collection->each(Object(Closure))
#11 C:/laragon/www/hrd/vendor/laravel/framework/src/Illuminate/Database/Eloquent/Factories/Factory.php(321): Illuminate/Database/Eloquent/Factories/Factory->store(Object(Illuminate/Support/Collection))
#12 C:/laragon/www/hrd/vendor/laravel/framework/src/Illuminate/Database/Eloquent/Factories/Factory.php(315): Illuminate/Database/Eloquent/Factories/Factory->create(Array, NULL)
#13 C:/laragon/www/hrd/database/seeders/DatabaseSeeder.php(20): Illuminate/Database/Eloquent/Factories/Factory->create(Array)
#14 C:/laragon/www/hrd/vendor/laravel/framework/src/Illuminate/Container/BoundMethod.php(36): Database/Seeders/DatabaseSeeder->run()
#15 C:/laragon/www/hrd/vendor/laravel/framework/src/Illuminate/Container/Util.php(43): Illuminate/Container/BoundMethod::{closure:Illuminate/Container/BoundMethod::call():35}()
#16 C:/laragon/www/hrd/vendor/laravel/framework/src/Illuminate/Container/BoundMethod.php(96): Illuminate/Container/Util::unwrapIfClosure(Object(Closure))
#17 C:/laragon/www/hrd/vendor/laravel/framework/src/Illuminate/Container/BoundMethod.php(35): Illuminate/Container/BoundMethod::callBoundMethod(Object(Illuminate/Foundation/Application), Array, Object(Closure))
#18 C:/laragon/www/hrd/vendor/laravel/framework/src/Illuminate/Container/Container.php(799): Illuminate/Container/BoundMethod::call(Object(Illuminate/Foundation/Application), Array, Array, NULL)
#19 C:/laragon/www/hrd/vendor/laravel/framework/src/Illuminate/Database/Seeder.php(184): Illuminate/Container/Container->call(Array, Array)
#20 C:/laragon/www/hrd/vendor/laravel/framework/src/Illuminate/Database/Eloquent/Concerns/HasEvents.php(454): Illuminate/Database/Seeder->{closure:Illuminate/Database/Seeder::__invoke():183}()
#21 C:/laragon/www/hrd/vendor/laravel/framework/src/Illuminate/Database/Console/Seeds/WithoutModelEvents.php(17): Illuminate/Database/Eloquent/Model::withoutEvents(Object(Closure))
#22 C:/laragon/www/hrd/vendor/laravel/framework/src/Illuminate/Database/Seeder.php(193): Database/Seeders/DatabaseSeeder->{closure:Illuminate/Database/Console/Seeds/WithoutModelEvents::withoutModelEvents():17}()
#23 C:/laragon/www/hrd/vendor/laravel/framework/src/Illuminate/Database/Console/Seeds/SeedCommand.php(71): Illuminate/Database/Seeder->__invoke()
#24 C:/laragon/www/hrd/vendor/laravel/framework/src/Illuminate/Database/Eloquent/Concerns/GuardsAttributes.php(157): Illuminate/Database/Console/Seeds/SeedCommand->{closure:Illuminate/Database/Console/Seeds/SeedCommand::handle():70}()
#25 C:/laragon/www/hrd/vendor/laravel/framework/src/Illuminate/Database/Console/Seeds/SeedCommand.php(70): Illuminate/Database/Eloquent/Model::unguarded(Object(Closure))
#26 C:/laragon/www/hrd/vendor/laravel/framework/src/Illuminate/Container/BoundMethod.php(36): Illuminate/Database/Console/Seeds/SeedCommand->handle()
#27 C:/laragon/www/hrd/vendor/laravel/framework/src/Illuminate/Container/Util.php(43): Illuminate/Container/BoundMethod::{closure:Illuminate/Container/BoundMethod::call():35}()
#28 C:/laragon/www/hrd/vendor/laravel/framework/src/Illuminate/Container/BoundMethod.php(96): Illuminate/Container/Util::unwrapIfClosure(Object(Closure))
#29 C:/laragon/www/hrd/vendor/laravel/framework/src/Illuminate/Container/BoundMethod.php(35): Illuminate/Container/BoundMethod::callBoundMethod(Object(Illuminate/Foundation/Application), Array, Object(Closure))
#30 C:/laragon/www/hrd/vendor/laravel/framework/src/Illuminate/Container/Container.php(799): Illuminate/Container/BoundMethod::call(Object(Illuminate/Foundation/Application), Array, Array, NULL)
#31 C:/laragon/www/hrd/vendor/laravel/framework/src/Illuminate/Console/Command.php(211): Illuminate/Container/Container->call(Array)
#32 C:/laragon/www/hrd/vendor/symfony/console/Command/Command.php(341): Illuminate/Console/Command->execute(Object(Symfony/Component/Console/Input/ArrayInput), Object(Illuminate/Console/OutputStyle))
#33 C:/laragon/www/hrd/vendor/laravel/framework/src/Illuminate/Console/Command.php(180): Symfony/Component/Console/Command/Command->run(Object(Symfony/Component/Console/Input/ArrayInput), Object(Illuminate/Console/OutputStyle))
#34 C:/laragon/www/hrd/vendor/laravel/framework/src/Illuminate/Console/Concerns/CallsCommands.php(68): Illuminate/Console/Command->run(Object(Symfony/Component/Console/Input/ArrayInput), Object(Illuminate/Console/OutputStyle))
#35 C:/laragon/www/hrd/vendor/laravel/framework/src/Illuminate/Console/Concerns/CallsCommands.php(29): Illuminate/Console/Command->runCommand('db:seed', Array, Object(Illuminate/Console/OutputStyle))
#36 C:/laragon/www/hrd/vendor/laravel/framework/src/Illuminate/Database/Console/Migrations/MigrateCommand.php(125): Illuminate/Console/Command->call('db:seed', Array)
#37 C:/laragon/www/hrd/vendor/laravel/framework/src/Illuminate/Database/Migrations/Migrator.php(671): Illuminate/Database/Console/Migrations/MigrateCommand->{closure:Illuminate/Database/Console/Migrations/MigrateCommand::runMigrations():109}()
#38 C:/laragon/www/hrd/vendor/laravel/framework/src/Illuminate/Database/Console/Migrations/MigrateCommand.php(109): Illuminate/Database/Migrations/Migrator->usingConnection(NULL, Object(Closure))
#39 C:/laragon/www/hrd/vendor/laravel/framework/src/Illuminate/Database/Console/Migrations/MigrateCommand.php(88): Illuminate/Database/Console/Migrations/MigrateCommand->runMigrations()
#40 C:/laragon/www/hrd/vendor/laravel/framework/src/Illuminate/Container/BoundMethod.php(36): Illuminate/Database/Console/Migrations/MigrateCommand->handle()
#41 C:/laragon/www/hrd/vendor/laravel/framework/src/Illuminate/Container/Util.php(43): Illuminate/Container/BoundMethod::{closure:Illuminate/Container/BoundMethod::call():35}()
#42 C:/laragon/www/hrd/vendor/laravel/framework/src/Illuminate/Container/BoundMethod.php(96): Illuminate/Container/Util::unwrapIfClosure(Object(Closure))
#43 C:/laragon/www/hrd/vendor/laravel/framework/src/Illuminate/Container/BoundMethod.php(35): Illuminate/Container/BoundMethod::callBoundMethod(Object(Illuminate/Foundation/Application), Array, Object(Closure))
#44 C:/laragon/www/hrd/vendor/laravel/framework/src/Illuminate/Container/Container.php(799): Illuminate/Container/BoundMethod::call(Object(Illuminate/Foundation/Application), Array, Array, NULL)
#45 C:/laragon/www/hrd/vendor/laravel/framework/src/Illuminate/Console/Command.php(211): Illuminate/Container/Container->call(Array)
#46 C:/laragon/www/hrd/vendor/symfony/console/Command/Command.php(341): Illuminate/Console/Command->execute(Object(Symfony/Component/Console/Input/ArgvInput), Object(Illuminate/Console/OutputStyle))
#47 C:/laragon/www/hrd/vendor/laravel/framework/src/Illuminate/Console/Command.php(180): Symfony/Component/Console/Command/Command->run(Object(Symfony/Component/Console/Input/ArgvInput), Object(Illuminate/Console/OutputStyle))
#48 C:/laragon/www/hrd/vendor/symfony/console/Application.php(1117): Illuminate/Console/Command->run(Object(Symfony/Component/Console/Input/ArgvInput), Object(Symfony/Component/Console/Output/ConsoleOutput))
#49 C:/laragon/www/hrd/vendor/symfony/console/Application.php(356): Symfony/Component/Console/Application->doRunCommand(Object(Illuminate/Database/Console/Migrations/MigrateCommand), Object(Symfony/Component/Console/Input/ArgvInput), Object(Symfony/Component/Console/Output/ConsoleOutput))
#50 C:/laragon/www/hrd/vendor/symfony/console/Application.php(195): Symfony/Component/Console/Application->doRun(Object(Symfony/Component/Console/Input/ArgvInput), Object(Symfony/Component/Console/Output/ConsoleOutput))
#51 C:/laragon/www/hrd/vendor/laravel/framework/src/Illuminate/Foundation/Console/Kernel.php(198): Symfony/Component/Console/Application->run(Object(Symfony/Component/Console/Input/ArgvInput), Object(Symfony/Component/Console/Output/ConsoleOutput))
#52 C:/laragon/www/hrd/vendor/laravel/framework/src/Illuminate/Foundation/Application.php(1235): Illuminate/Foundation/Console/Kernel->handle(Object(Symfony/Component/Console/Input/ArgvInput), Object(Symfony/Component/Console/Output/ConsoleOutput))
#53 C:/laragon/www/hrd/artisan(16): Illuminate/Foundation/Application->handleCommand(Object(Symfony/Component/Console/Input/ArgvInput))
#54 {main}

[previous exception] [object] (PDOException(code: HY000): SQLSTATE[HY000]: General error: 1364 Field 'role_id' doesn't have a default value at C:/laragon/www/hrd/vendor/laravel/framework/src/Illuminate/Database/MySqlConnection.php:53)
[stacktrace]
#0 C:/laragon/www/hrd/vendor/laravel/framework/src/Illuminate/Database/MySqlConnection.php(53): PDOStatement->execute()
#1 C:/laragon/www/hrd/vendor/laravel/framework/src/Illuminate/Database/Connection.php(827): Illuminate/Database/MySqlConnection->{closure:Illuminate/Database/MySqlConnection::insert():42}('insert into `us...', Array)
#2 C:/laragon/www/hrd/vendor/laravel/framework/src/Illuminate/Database/Connection.php(794): Illuminate/Database/Connection->runQueryCallback('insert into `us...', Array, Object(Closure))
#3 C:/laragon/www/hrd/vendor/laravel/framework/src/Illuminate/Database/MySqlConnection.php(42): Illuminate/Database/Connection->run('insert into `us...', Array, Object(Closure))
#4 C:/laragon/www/hrd/vendor/laravel/framework/src/Illuminate/Database/Query/Processors/MySqlProcessor.php(35): Illuminate/Database/MySqlConnection->insert('insert into `us...', Array, 'id')
#5 C:/laragon/www/hrd/vendor/laravel/framework/src/Illuminate/Database/Query/Builder.php(4170): Illuminate/Database/Query/Processors/MySqlProcessor->processInsertGetId(Object(Illuminate/Database/Query/Builder), 'insert into `us...', Array, 'id')
#6 C:/laragon/www/hrd/vendor/laravel/framework/src/Illuminate/Database/Eloquent/Builder.php(2237): Illuminate/Database/Query/Builder->insertGetId(Array, 'id')
#7 C:/laragon/www/hrd/vendor/laravel/framework/src/Illuminate/Database/Eloquent/Model.php(1436): Illuminate/Database/Eloquent/Builder->__call('insertGetId', Array)
#8 C:/laragon/www/hrd/vendor/laravel/framework/src/Illuminate/Database/Eloquent/Model.php(1401): Illuminate/Database/Eloquent/Model->insertAndSetId(Object(Illuminate/Database/Eloquent/Builder), Array)
#9 C:/laragon/www/hrd/vendor/laravel/framework/src/Illuminate/Database/Eloquent/Model.php(1240): Illuminate/Database/Eloquent/Model->performInsert(Object(Illuminate/Database/Eloquent/Builder))
#10 C:/laragon/www/hrd/vendor/laravel/framework/src/Illuminate/Database/Eloquent/Factories/Factory.php(370): Illuminate/Database/Eloquent/Model->save()
#11 C:/laragon/www/hrd/vendor/laravel/framework/src/Illuminate/Collections/Traits/EnumeratesValues.php(275): Illuminate/Database/Eloquent/Factories/Factory->{closure:Illuminate/Database/Eloquent/Factories/Factory::store():365}(Object(App/Models/User), 0)
#12 C:/laragon/www/hrd/vendor/laravel/framework/src/Illuminate/Database/Eloquent/Factories/Factory.php(365): Illuminate/Support/Collection->each(Object(Closure))
#13 C:/laragon/www/hrd/vendor/laravel/framework/src/Illuminate/Database/Eloquent/Factories/Factory.php(321): Illuminate/Database/Eloquent/Factories/Factory->store(Object(Illuminate/Support/Collection))
#14 C:/laragon/www/hrd/vendor/laravel/framework/src/Illuminate/Database/Eloquent/Factories/Factory.php(315): Illuminate/Database/Eloquent/Factories/Factory->create(Array, NULL)
#15 C:/laragon/www/hrd/database/seeders/DatabaseSeeder.php(20): Illuminate/Database/Eloquent/Factories/Factory->create(Array)
#16 C:/laragon/www/hrd/vendor/laravel/framework/src/Illuminate/Container/BoundMethod.php(36): Database/Seeders/DatabaseSeeder->run()
#17 C:/laragon/www/hrd/vendor/laravel/framework/src/Illuminate/Container/Util.php(43): Illuminate/Container/BoundMethod::{closure:Illuminate/Container/BoundMethod::call():35}()
#18 C:/laragon/www/hrd/vendor/laravel/framework/src/Illuminate/Container/BoundMethod.php(96): Illuminate/Container/Util::unwrapIfClosure(Object(Closure))
#19 C:/laragon/www/hrd/vendor/laravel/framework/src/Illuminate/Container/BoundMethod.php(35): Illuminate/Container/BoundMethod::callBoundMethod(Object(Illuminate/Foundation/Application), Array, Object(Closure))
#20 C:/laragon/www/hrd/vendor/laravel/framework/src/Illuminate/Container/Container.php(799): Illuminate/Container/BoundMethod::call(Object(Illuminate/Foundation/Application), Array, Array, NULL)
#21 C:/laragon/www/hrd/vendor/laravel/framework/src/Illuminate/Database/Seeder.php(184): Illuminate/Container/Container->call(Array, Array)
#22 C:/laragon/www/hrd/vendor/laravel/framework/src/Illuminate/Database/Eloquent/Concerns/HasEvents.php(454): Illuminate/Database/Seeder->{closure:Illuminate/Database/Seeder::__invoke():183}()
#23 C:/laragon/www/hrd/vendor/laravel/framework/src/Illuminate/Database/Console/Seeds/WithoutModelEvents.php(17): Illuminate/Database/Eloquent/Model::withoutEvents(Object(Closure))
#24 C:/laragon/www/hrd/vendor/laravel/framework/src/Illuminate/Database/Seeder.php(193): Database/Seeders/DatabaseSeeder->{closure:Illuminate/Database/Console/Seeds/WithoutModelEvents::withoutModelEvents():17}()
#25 C:/laragon/www/hrd/vendor/laravel/framework/src/Illuminate/Database/Console/Seeds/SeedCommand.php(71): Illuminate/Database/Seeder->__invoke()
#26 C:/laragon/www/hrd/vendor/laravel/framework/src/Illuminate/Database/Eloquent/Concerns/GuardsAttributes.php(157): Illuminate/Database/Console/Seeds/SeedCommand->{closure:Illuminate/Database/Console/Seeds/SeedCommand::handle():70}()
#27 C:/laragon/www/hrd/vendor/laravel/framework/src/Illuminate/Database/Console/Seeds/SeedCommand.php(70): Illuminate/Database/Eloquent/Model::unguarded(Object(Closure))
#28 C:/laragon/www/hrd/vendor/laravel/framework/src/Illuminate/Container/BoundMethod.php(36): Illuminate/Database/Console/Seeds/SeedCommand->handle()
#29 C:/laragon/www/hrd/vendor/laravel/framework/src/Illuminate/Container/Util.php(43): Illuminate/Container/BoundMethod::{closure:Illuminate/Container/BoundMethod::call():35}()
#30 C:/laragon/www/hrd/vendor/laravel/framework/src/Illuminate/Container/BoundMethod.php(96): Illuminate/Container/Util::unwrapIfClosure(Object(Closure))
#31 C:/laragon/www/hrd/vendor/laravel/framework/src/Illuminate/Container/BoundMethod.php(35): Illuminate/Container/BoundMethod::callBoundMethod(Object(Illuminate/Foundation/Application), Array, Object(Closure))
#32 C:/laragon/www/hrd/vendor/laravel/framework/src/Illuminate/Container/Container.php(799): Illuminate/Container/BoundMethod::call(Object(Illuminate/Foundation/Application), Array, Array, NULL)
#33 C:/laragon/www/hrd/vendor/laravel/framework/src/Illuminate/Console/Command.php(211): Illuminate/Container/Container->call(Array)
#34 C:/laragon/www/hrd/vendor/symfony/console/Command/Command.php(341): Illuminate/Console/Command->execute(Object(Symfony/Component/Console/Input/ArrayInput), Object(Illuminate/Console/OutputStyle))
#35 C:/laragon/www/hrd/vendor/laravel/framework/src/Illuminate/Console/Command.php(180): Symfony/Component/Console/Command/Command->run(Object(Symfony/Component/Console/Input/ArrayInput), Object(Illuminate/Console/OutputStyle))
#36 C:/laragon/www/hrd/vendor/laravel/framework/src/Illuminate/Console/Concerns/CallsCommands.php(68): Illuminate/Console/Command->run(Object(Symfony/Component/Console/Input/ArrayInput), Object(Illuminate/Console/OutputStyle))
#37 C:/laragon/www/hrd/vendor/laravel/framework/src/Illuminate/Console/Concerns/CallsCommands.php(29): Illuminate/Console/Command->runCommand('db:seed', Array, Object(Illuminate/Console/OutputStyle))
#38 C:/laragon/www/hrd/vendor/laravel/framework/src/Illuminate/Database/Console/Migrations/MigrateCommand.php(125): Illuminate/Console/Command->call('db:seed', Array)
#39 C:/laragon/www/hrd/vendor/laravel/framework/src/Illuminate/Database/Migrations/Migrator.php(671): Illuminate/Database/Console/Migrations/MigrateCommand->{closure:Illuminate/Database/Console/Migrations/MigrateCommand::runMigrations():109}()
#40 C:/laragon/www/hrd/vendor/laravel/framework/src/Illuminate/Database/Console/Migrations/MigrateCommand.php(109): Illuminate/Database/Migrations/Migrator->usingConnection(NULL, Object(Closure))
#41 C:/laragon/www/hrd/vendor/laravel/framework/src/Illuminate/Database/Console/Migrations/MigrateCommand.php(88): Illuminate/Database/Console/Migrations/MigrateCommand->runMigrations()
#42 C:/laragon/www/hrd/vendor/laravel/framework/src/Illuminate/Container/BoundMethod.php(36): Illuminate/Database/Console/Migrations/MigrateCommand->handle()
#43 C:/laragon/www/hrd/vendor/laravel/framework/src/Illuminate/Container/Util.php(43): Illuminate/Container/BoundMethod::{closure:Illuminate/Container/BoundMethod::call():35}()
#44 C:/laragon/www/hrd/vendor/laravel/framework/src/Illuminate/Container/BoundMethod.php(96): Illuminate/Container/Util::unwrapIfClosure(Object(Closure))
#45 C:/laragon/www/hrd/vendor/laravel/framework/src/Illuminate/Container/BoundMethod.php(35): Illuminate/Container/BoundMethod::callBoundMethod(Object(Illuminate/Foundation/Application), Array, Object(Closure))
#46 C:/laragon/www/hrd/vendor/laravel/framework/src/Illuminate/Container/Container.php(799): Illuminate/Container/BoundMethod::call(Object(Illuminate/Foundation/Application), Array, Array, NULL)
#47 C:/laragon/www/hrd/vendor/laravel/framework/src/Illuminate/Console/Command.php(211): Illuminate/Container/Container->call(Array)
#48 C:/laragon/www/hrd/vendor/symfony/console/Command/Command.php(341): Illuminate/Console/Command->execute(Object(Symfony/Component/Console/Input/ArgvInput), Object(Illuminate/Console/OutputStyle))
#49 C:/laragon/www/hrd/vendor/laravel/framework/src/Illuminate/Console/Command.php(180): Symfony/Component/Console/Command/Command->run(Object(Symfony/Component/Console/Input/ArgvInput), Object(Illuminate/Console/OutputStyle))
#50 C:/laragon/www/hrd/vendor/symfony/console/Application.php(1117): Illuminate/Console/Command->run(Object(Symfony/Component/Console/Input/ArgvInput), Object(Symfony/Component/Console/Output/ConsoleOutput))
#51 C:/laragon/www/hrd/vendor/symfony/console/Application.php(356): Symfony/Component/Console/Application->doRunCommand(Object(Illuminate/Database/Console/Migrations/MigrateCommand), Object(Symfony/Component/Console/Input/ArgvInput), Object(Symfony/Component/Console/Output/ConsoleOutput))
#52 C:/laragon/www/hrd/vendor/symfony/console/Application.php(195): Symfony/Component/Console/Application->doRun(Object(Symfony/Component/Console/Input/ArgvInput), Object(Symfony/Component/Console/Output/ConsoleOutput))
#53 C:/laragon/www/hrd/vendor/laravel/framework/src/Illuminate/Foundation/Console/Kernel.php(198): Symfony/Component/Console/Application->run(Object(Symfony/Component/Console/Input/ArgvInput), Object(Symfony/Component/Console/Output/ConsoleOutput))
#54 C:/laragon/www/hrd/vendor/laravel/framework/src/Illuminate/Foundation/Application.php(1235): Illuminate/Foundation/Console/Kernel->handle(Object(Symfony/Component/Console/Input/ArgvInput), Object(Symfony/Component/Console/Output/ConsoleOutput))
#55 C:/laragon/www/hrd/artisan(16): Illuminate/Foundation/Application->handleCommand(Object(Symfony/Component/Console/Input/ArgvInput))
#56 {main}
"} 
[2026-09-03 07:38:43] local.ERROR: Class "Database\Seeders\Role" not found {"exception":"[object] (Error(code: 0): Class \"Database\\Seeders\\Role\" not found at C:/laragon/www/hrd/database/seeders/RoleSeeder.php:15)
[stacktrace]
#0 C:/laragon/www/hrd/vendor/laravel/framework/src/Illuminate/Container/BoundMethod.php(36): Database/Seeders/RoleSeeder->run()
#1 C:/laragon/www/hrd/vendor/laravel/framework/src/Illuminate/Container/Util.php(43): Illuminate/Container/BoundMethod::{closure:Illuminate/Container/BoundMethod::call():35}()
#2 C:/laragon/www/hrd/vendor/laravel/framework/src/Illuminate/Container/BoundMethod.php(96): Illuminate/Container/Util::unwrapIfClosure(Object(Closure))
#3 C:/laragon/www/hrd/vendor/laravel/framework/src/Illuminate/Container/BoundMethod.php(35): Illuminate/Container/BoundMethod::callBoundMethod(Object(Illuminate/Foundation/Application), Array, Object(Closure))
#4 C:/laragon/www/hrd/vendor/laravel/framework/src/Illuminate/Container/Container.php(799): Illuminate/Container/BoundMethod::call(Object(Illuminate/Foundation/Application), Array, Array, NULL)
#5 C:/laragon/www/hrd/vendor/laravel/framework/src/Illuminate/Database/Seeder.php(184): Illuminate/Container/Container->call(Array, Array)
#6 C:/laragon/www/hrd/vendor/laravel/framework/src/Illuminate/Database/Seeder.php(193): Illuminate/Database/Seeder->{closure:Illuminate/Database/Seeder::__invoke():183}()
#7 C:/laragon/www/hrd/vendor/laravel/framework/src/Illuminate/Database/Seeder.php(59): Illuminate/Database/Seeder->__invoke(Array)
#8 C:/laragon/www/hrd/database/seeders/DatabaseSeeder.php(20): Illuminate/Database/Seeder->call('Database//Seeder...')
#9 C:/laragon/www/hrd/vendor/laravel/framework/src/Illuminate/Container/BoundMethod.php(36): Database/Seeders/DatabaseSeeder->run()
#10 C:/laragon/www/hrd/vendor/laravel/framework/src/Illuminate/Container/Util.php(43): Illuminate/Container/BoundMethod::{closure:Illuminate/Container/BoundMethod::call():35}()
#11 C:/laragon/www/hrd/vendor/laravel/framework/src/Illuminate/Container/BoundMethod.php(96): Illuminate/Container/Util::unwrapIfClosure(Object(Closure))
#12 C:/laragon/www/hrd/vendor/laravel/framework/src/Illuminate/Container/BoundMethod.php(35): Illuminate/Container/BoundMethod::callBoundMethod(Object(Illuminate/Foundation/Application), Array, Object(Closure))
#13 C:/laragon/www/hrd/vendor/laravel/framework/src/Illuminate/Container/Container.php(799): Illuminate/Container/BoundMethod::call(Object(Illuminate/Foundation/Application), Array, Array, NULL)
#14 C:/laragon/www/hrd/vendor/laravel/framework/src/Illuminate/Database/Seeder.php(184): Illuminate/Container/Container->call(Array, Array)
#15 C:/laragon/www/hrd/vendor/laravel/framework/src/Illuminate/Database/Eloquent/Concerns/HasEvents.php(454): Illuminate/Database/Seeder->{closure:Illuminate/Database/Seeder::__invoke():183}()
#16 C:/laragon/www/hrd/vendor/laravel/framework/src/Illuminate/Database/Console/Seeds/WithoutModelEvents.php(17): Illuminate/Database/Eloquent/Model::withoutEvents(Object(Closure))
#17 C:/laragon/www/hrd/vendor/laravel/framework/src/Illuminate/Database/Seeder.php(193): Database/Seeders/DatabaseSeeder->{closure:Illuminate/Database/Console/Seeds/WithoutModelEvents::withoutModelEvents():17}()
#18 C:/laragon/www/hrd/vendor/laravel/framework/src/Illuminate/Database/Console/Seeds/SeedCommand.php(71): Illuminate/Database/Seeder->__invoke()
#19 C:/laragon/www/hrd/vendor/laravel/framework/src/Illuminate/Database/Eloquent/Concerns/GuardsAttributes.php(157): Illuminate/Database/Console/Seeds/SeedCommand->{closure:Illuminate/Database/Console/Seeds/SeedCommand::handle():70}()
#20 C:/laragon/www/hrd/vendor/laravel/framework/src/Illuminate/Database/Console/Seeds/SeedCommand.php(70): Illuminate/Database/Eloquent/Model::unguarded(Object(Closure))
#21 C:/laragon/www/hrd/vendor/laravel/framework/src/Illuminate/Container/BoundMethod.php(36): Illuminate/Database/Console/Seeds/SeedCommand->handle()
#22 C:/laragon/www/hrd/vendor/laravel/framework/src/Illuminate/Container/Util.php(43): Illuminate/Container/BoundMethod::{closure:Illuminate/Container/BoundMethod::call():35}()
#23 C:/laragon/www/hrd/vendor/laravel/framework/src/Illuminate/Container/BoundMethod.php(96): Illuminate/Container/Util::unwrapIfClosure(Object(Closure))
#24 C:/laragon/www/hrd/vendor/laravel/framework/src/Illuminate/Container/BoundMethod.php(35): Illuminate/Container/BoundMethod::callBoundMethod(Object(Illuminate/Foundation/Application), Array, Object(Closure))
#25 C:/laragon/www/hrd/vendor/laravel/framework/src/Illuminate/Container/Container.php(799): Illuminate/Container/BoundMethod::call(Object(Illuminate/Foundation/Application), Array, Array, NULL)
#26 C:/laragon/www/hrd/vendor/laravel/framework/src/Illuminate/Console/Command.php(211): Illuminate/Container/Container->call(Array)
#27 C:/laragon/www/hrd/vendor/symfony/console/Command/Command.php(341): Illuminate/Console/Command->execute(Object(Symfony/Component/Console/Input/ArrayInput), Object(Illuminate/Console/OutputStyle))
#28 C:/laragon/www/hrd/vendor/laravel/framework/src/Illuminate/Console/Command.php(180): Symfony/Component/Console/Command/Command->run(Object(Symfony/Component/Console/Input/ArrayInput), Object(Illuminate/Console/OutputStyle))
#29 C:/laragon/www/hrd/vendor/laravel/framework/src/Illuminate/Console/Concerns/CallsCommands.php(68): Illuminate/Console/Command->run(Object(Symfony/Component/Console/Input/ArrayInput), Object(Illuminate/Console/OutputStyle))
#30 C:/laragon/www/hrd/vendor/laravel/framework/src/Illuminate/Console/Concerns/CallsCommands.php(29): Illuminate/Console/Command->runCommand('db:seed', Array, Object(Illuminate/Console/OutputStyle))
#31 C:/laragon/www/hrd/vendor/laravel/framework/src/Illuminate/Database/Console/Migrations/MigrateCommand.php(125): Illuminate/Console/Command->call('db:seed', Array)
#32 C:/laragon/www/hrd/vendor/laravel/framework/src/Illuminate/Database/Migrations/Migrator.php(671): Illuminate/Database/Console/Migrations/MigrateCommand->{closure:Illuminate/Database/Console/Migrations/MigrateCommand::runMigrations():109}()
#33 C:/laragon/www/hrd/vendor/laravel/framework/src/Illuminate/Database/Console/Migrations/MigrateCommand.php(109): Illuminate/Database/Migrations/Migrator->usingConnection(NULL, Object(Closure))
#34 C:/laragon/www/hrd/vendor/laravel/framework/src/Illuminate/Database/Console/Migrations/MigrateCommand.php(88): Illuminate/Database/Console/Migrations/MigrateCommand->runMigrations()
#35 C:/laragon/www/hrd/vendor/laravel/framework/src/Illuminate/Container/BoundMethod.php(36): Illuminate/Database/Console/Migrations/MigrateCommand->handle()
#36 C:/laragon/www/hrd/vendor/laravel/framework/src/Illuminate/Container/Util.php(43): Illuminate/Container/BoundMethod::{closure:Illuminate/Container/BoundMethod::call():35}()
#37 C:/laragon/www/hrd/vendor/laravel/framework/src/Illuminate/Container/BoundMethod.php(96): Illuminate/Container/Util::unwrapIfClosure(Object(Closure))
#38 C:/laragon/www/hrd/vendor/laravel/framework/src/Illuminate/Container/BoundMethod.php(35): Illuminate/Container/BoundMethod::callBoundMethod(Object(Illuminate/Foundation/Application), Array, Object(Closure))
#39 C:/laragon/www/hrd/vendor/laravel/framework/src/Illuminate/Container/Container.php(799): Illuminate/Container/BoundMethod::call(Object(Illuminate/Foundation/Application), Array, Array, NULL)
#40 C:/laragon/www/hrd/vendor/laravel/framework/src/Illuminate/Console/Command.php(211): Illuminate/Container/Container->call(Array)
#41 C:/laragon/www/hrd/vendor/symfony/console/Command/Command.php(341): Illuminate/Console/Command->execute(Object(Symfony/Component/Console/Input/ArgvInput), Object(Illuminate/Console/OutputStyle))
#42 C:/laragon/www/hrd/vendor/laravel/framework/src/Illuminate/Console/Command.php(180): Symfony/Component/Console/Command/Command->run(Object(Symfony/Component/Console/Input/ArgvInput), Object(Illuminate/Console/OutputStyle))
#43 C:/laragon/www/hrd/vendor/symfony/console/Application.php(1117): Illuminate/Console/Command->run(Object(Symfony/Component/Console/Input/ArgvInput), Object(Symfony/Component/Console/Output/ConsoleOutput))
#44 C:/laragon/www/hrd/vendor/symfony/console/Application.php(356): Symfony/Component/Console/Application->doRunCommand(Object(Illuminate/Database/Console/Migrations/MigrateCommand), Object(Symfony/Component/Console/Input/ArgvInput), Object(Symfony/Component/Console/Output/ConsoleOutput))
#45 C:/laragon/www/hrd/vendor/symfony/console/Application.php(195): Symfony/Component/Console/Application->doRun(Object(Symfony/Component/Console/Input/ArgvInput), Object(Symfony/Component/Console/Output/ConsoleOutput))
#46 C:/laragon/www/hrd/vendor/laravel/framework/src/Illuminate/Foundation/Console/Kernel.php(198): Symfony/Component/Console/Application->run(Object(Symfony/Component/Console/Input/ArgvInput), Object(Symfony/Component/Console/Output/ConsoleOutput))
#47 C:/laragon/www/hrd/vendor/laravel/framework/src/Illuminate/Foundation/Application.php(1235): Illuminate/Foundation/Console/Kernel->handle(Object(Symfony/Component/Console/Input/ArgvInput), Object(Symfony/Component/Console/Output/ConsoleOutput))
#48 C:/laragon/www/hrd/artisan(16): Illuminate/Foundation/Application->handleCommand(Object(Symfony/Component/Console/Input/ArgvInput))
#49 {main}
"} 
[2026-09-04 01:00:34] local.ERROR: syntax error, unexpected token ";", expecting ")" (View: C:\laragon\www\hrd\resources\views\auth\login.blade.php) {"exception":"[object] (Illuminate\\View\\ViewException(code: 0): syntax error, unexpected token \";\", expecting \")\" (View: C:\\laragon\\www\\hrd\\resources\\views\\auth\\login.blade.php) at C:/laragon/www/hrd/storage/framework/views/a4364759d74f5acac7a3493e61e3397e.php:73)
[stacktrace]
#0 C:/laragon/www/hrd/vendor/laravel/framework/src/Illuminate/View/Engines/PhpEngine.php(59): Illuminate/View/Engines/CompilerEngine->handleViewException(Object(ParseError), 1)
#1 C:/laragon/www/hrd/vendor/laravel/framework/src/Illuminate/View/Engines/CompilerEngine.php(76): Illuminate/View/Engines/PhpEngine->evaluatePath('C://laragon//www//...', Array)
#2 C:/laragon/www/hrd/vendor/laravel/framework/src/Illuminate/View/View.php(208): Illuminate/View/Engines/CompilerEngine->get('C://laragon//www//...', Array)
#3 C:/laragon/www/hrd/vendor/laravel/framework/src/Illuminate/View/View.php(191): Illuminate/View/View->getContents()
#4 C:/laragon/www/hrd/vendor/laravel/framework/src/Illuminate/View/View.php(160): Illuminate/View/View->renderContents()
#5 C:/laragon/www/hrd/vendor/laravel/framework/src/Illuminate/Http/Response.php(78): Illuminate/View/View->render()
#6 C:/laragon/www/hrd/vendor/laravel/framework/src/Illuminate/Http/Response.php(34): Illuminate/Http/Response->setContent(Object(Illuminate/View/View))
#7 C:/laragon/www/hrd/vendor/laravel/framework/src/Illuminate/Routing/Router.php(939): Illuminate/Http/Response->__construct(Object(Illuminate/View/View), 200, Array)
#8 C:/laragon/www/hrd/vendor/laravel/framework/src/Illuminate/Routing/Router.php(906): Illuminate/Routing/Router::toResponse(Object(Illuminate/Http/Request), Object(Illuminate/View/View))
#9 C:/laragon/www/hrd/vendor/laravel/framework/src/Illuminate/Routing/Router.php(821): Illuminate/Routing/Router->prepareResponse(Object(Illuminate/Http/Request), Object(Illuminate/View/View))
#10 C:/laragon/www/hrd/vendor/laravel/framework/src/Illuminate/Pipeline/Pipeline.php(180): Illuminate/Routing/Router->{closure:Illuminate/Routing/Router::runRouteWithinStack():821}(Object(Illuminate/Http/Request))
#11 C:/laragon/www/hrd/vendor/laravel/framework/src/Illuminate/Routing/Middleware/SubstituteBindings.php(50): Illuminate/Pipeline/Pipeline->{closure:Illuminate/Pipeline/Pipeline::prepareDestination():178}(Object(Illuminate/Http/Request))
#12 C:/laragon/www/hrd/vendor/laravel/framework/src/Illuminate/Pipeline/Pipeline.php(219): Illuminate/Routing/Middleware/SubstituteBindings->handle(Object(Illuminate/Http/Request), Object(Closure))
#13 C:/laragon/www/hrd/vendor/laravel/framework/src/Illuminate/Foundation/Http/Middleware/VerifyCsrfToken.php(87): Illuminate/Pipeline/Pipeline->{closure:{closure:Illuminate/Pipeline/Pipeline::carry():194}:195}(Object(Illuminate/Http/Request))
#14 C:/laragon/www/hrd/vendor/laravel/framework/src/Illuminate/Pipeline/Pipeline.php(219): Illuminate/Foundation/Http/Middleware/VerifyCsrfToken->handle(Object(Illuminate/Http/Request), Object(Closure))
#15 C:/laragon/www/hrd/vendor/laravel/framework/src/Illuminate/View/Middleware/ShareErrorsFromSession.php(48): Illuminate/Pipeline/Pipeline->{closure:{closure:Illuminate/Pipeline/Pipeline::carry():194}:195}(Object(Illuminate/Http/Request))
#16 C:/laragon/www/hrd/vendor/laravel/framework/src/Illuminate/Pipeline/Pipeline.php(219): Illuminate/View/Middleware/ShareErrorsFromSession->handle(Object(Illuminate/Http/Request), Object(Closure))
#17 C:/laragon/www/hrd/vendor/laravel/framework/src/Illuminate/Session/Middleware/StartSession.php(120): Illuminate/Pipeline/Pipeline->{closure:{closure:Illuminate/Pipeline/Pipeline::carry():194}:195}(Object(Illuminate/Http/Request))
#18 C:/laragon/www/hrd/vendor/laravel/framework/src/Illuminate/Session/Middleware/StartSession.php(63): Illuminate/Session/Middleware/StartSession->handleStatefulRequest(Object(Illuminate/Http/Request), Object(Illuminate/Session/Store), Object(Closure))
#19 C:/laragon/www/hrd/vendor/laravel/framework/src/Illuminate/Pipeline/Pipeline.php(219): Illuminate/Session/Middleware/StartSession->handle(Object(Illuminate/Http/Request), Object(Closure))
#20 C:/laragon/www/hrd/vendor/laravel/framework/src/Illuminate/Cookie/Middleware/AddQueuedCookiesToResponse.php(36): Illuminate/Pipeline/Pipeline->{closure:{closure:Illuminate/Pipeline/Pipeline::carry():194}:195}(Object(Illuminate/Http/Request))
#21 C:/laragon/www/hrd/vendor/laravel/framework/src/Illuminate/Pipeline/Pipeline.php(219): Illuminate/Cookie/Middleware/AddQueuedCookiesToResponse->handle(Object(Illuminate/Http/Request), Object(Closure))
#22 C:/laragon/www/hrd/vendor/laravel/framework/src/Illuminate/Cookie/Middleware/EncryptCookies.php(74): Illuminate/Pipeline/Pipeline->{closure:{closure:Illuminate/Pipeline/Pipeline::carry():194}:195}(Object(Illuminate/Http/Request))
#23 C:/laragon/www/hrd/vendor/laravel/framework/src/Illuminate/Pipeline/Pipeline.php(219): Illuminate/Cookie/Middleware/EncryptCookies->handle(Object(Illuminate/Http/Request), Object(Closure))
#24 C:/laragon/www/hrd/vendor/laravel/framework/src/Illuminate/Pipeline/Pipeline.php(137): Illuminate/Pipeline/Pipeline->{closure:{closure:Illuminate/Pipeline/Pipeline::carry():194}:195}(Object(Illuminate/Http/Request))
#25 C:/laragon/www/hrd/vendor/laravel/framework/src/Illuminate/Routing/Router.php(821): Illuminate/Pipeline/Pipeline->then(Object(Closure))
#26 C:/laragon/www/hrd/vendor/laravel/framework/src/Illuminate/Routing/Router.php(800): Illuminate/Routing/Router->runRouteWithinStack(Object(Illuminate/Routing/Route), Object(Illuminate/Http/Request))
#27 C:/laragon/www/hrd/vendor/laravel/framework/src/Illuminate/Routing/Router.php(764): Illuminate/Routing/Router->runRoute(Object(Illuminate/Http/Request), Object(Illuminate/Routing/Route))
#28 C:/laragon/www/hrd/vendor/laravel/framework/src/Illuminate/Routing/Router.php(753): Illuminate/Routing/Router->dispatchToRoute(Object(Illuminate/Http/Request))
#29 C:/laragon/www/hrd/vendor/laravel/framework/src/Illuminate/Foundation/Http/Kernel.php(200): Illuminate/Routing/Router->dispatch(Object(Illuminate/Http/Request))
#30 C:/laragon/www/hrd/vendor/laravel/framework/src/Illuminate/Pipeline/Pipeline.php(180): Illuminate/Foundation/Http/Kernel->{closure:Illuminate/Foundation/Http/Kernel::dispatchToRouter():197}(Object(Illuminate/Http/Request))
#31 C:/laragon/www/hrd/vendor/laravel/framework/src/Illuminate/Foundation/Http/Middleware/TransformsRequest.php(21): Illuminate/Pipeline/Pipeline->{closure:Illuminate/Pipeline/Pipeline::prepareDestination():178}(Object(Illuminate/Http/Request))
#32 C:/laragon/www/hrd/vendor/laravel/framework/src/Illuminate/Foundation/Http/Middleware/ConvertEmptyStringsToNull.php(31): Illuminate/Foundation/Http/Middleware/TransformsRequest->handle(Object(Illuminate/Http/Request), Object(Closure))
#33 C:/laragon/www/hrd/vendor/laravel/framework/src/Illuminate/Pipeline/Pipeline.php(219): Illuminate/Foundation/Http/Middleware/ConvertEmptyStringsToNull->handle(Object(Illuminate/Http/Request), Object(Closure))
#34 C:/laragon/www/hrd/vendor/laravel/framework/src/Illuminate/Foundation/Http/Middleware/TransformsRequest.php(21): Illuminate/Pipeline/Pipeline->{closure:{closure:Illuminate/Pipeline/Pipeline::carry():194}:195}(Object(Illuminate/Http/Request))
#35 C:/laragon/www/hrd/vendor/laravel/framework/src/Illuminate/Foundation/Http/Middleware/TrimStrings.php(51): Illuminate/Foundation/Http/Middleware/TransformsRequest->handle(Object(Illuminate/Http/Request), Object(Closure))
#36 C:/laragon/www/hrd/vendor/laravel/framework/src/Illuminate/Pipeline/Pipeline.php(219): Illuminate/Foundation/Http/Middleware/TrimStrings->handle(Object(Illuminate/Http/Request), Object(Closure))
#37 C:/laragon/www/hrd/vendor/laravel/framework/src/Illuminate/Http/Middleware/ValidatePostSize.php(27): Illuminate/Pipeline/Pipeline->{closure:{closure:Illuminate/Pipeline/Pipeline::carry():194}:195}(Object(Illuminate/Http/Request))
#38 C:/laragon/www/hrd/vendor/laravel/framework/src/Illuminate/Pipeline/Pipeline.php(219): Illuminate/Http/Middleware/ValidatePostSize->handle(Object(Illuminate/Http/Request), Object(Closure))
#39 C:/laragon/www/hrd/vendor/laravel/framework/src/Illuminate/Foundation/Http/Middleware/PreventRequestsDuringMaintenance.php(109): Illuminate/Pipeline/Pipeline->{closure:{closure:Illuminate/Pipeline/Pipeline::carry():194}:195}(Object(Illuminate/Http/Request))
#40 C:/laragon/www/hrd/vendor/laravel/framework/src/Illuminate/Pipeline/Pipeline.php(219): Illuminate/Foundation/Http/Middleware/PreventRequestsDuringMaintenance->handle(Object(Illuminate/Http/Request), Object(Closure))
#41 C:/laragon/www/hrd/vendor/laravel/framework/src/Illuminate/Http/Middleware/HandleCors.php(61): Illuminate/Pipeline/Pipeline->{closure:{closure:Illuminate/Pipeline/Pipeline::carry():194}:195}(Object(Illuminate/Http/Request))
#42 C:/laragon/www/hrd/vendor/laravel/framework/src/Illuminate/Pipeline/Pipeline.php(219): Illuminate/Http/Middleware/HandleCors->handle(Object(Illuminate/Http/Request), Object(Closure))
#43 C:/laragon/www/hrd/vendor/laravel/framework/src/Illuminate/Http/Middleware/TrustProxies.php(58): Illuminate/Pipeline/Pipeline->{closure:{closure:Illuminate/Pipeline/Pipeline::carry():194}:195}(Object(Illuminate/Http/Request))
#44 C:/laragon/www/hrd/vendor/laravel/framework/src/Illuminate/Pipeline/Pipeline.php(219): Illuminate/Http/Middleware/TrustProxies->handle(Object(Illuminate/Http/Request), Object(Closure))
#45 C:/laragon/www/hrd/vendor/laravel/framework/src/Illuminate/Foundation/Http/Middleware/InvokeDeferredCallbacks.php(22): Illuminate/Pipeline/Pipeline->{closure:{closure:Illuminate/Pipeline/Pipeline::carry():194}:195}(Object(Illuminate/Http/Request))
#46 C:/laragon/www/hrd/vendor/laravel/framework/src/Illuminate/Pipeline/Pipeline.php(219): Illuminate/Foundation/Http/Middleware/InvokeDeferredCallbacks->handle(Object(Illuminate/Http/Request), Object(Closure))
#47 C:/laragon/www/hrd/vendor/laravel/framework/src/Illuminate/Http/Middleware/ValidatePathEncoding.php(26): Illuminate/Pipeline/Pipeline->{closure:{closure:Illuminate/Pipeline/Pipeline::carry():194}:195}(Object(Illuminate/Http/Request))
#48 C:/laragon/www/hrd/vendor/laravel/framework/src/Illuminate/Pipeline/Pipeline.php(219): Illuminate/Http/Middleware/ValidatePathEncoding->handle(Object(Illuminate/Http/Request), Object(Closure))
#49 C:/laragon/www/hrd/vendor/laravel/framework/src/Illuminate/Pipeline/Pipeline.php(137): Illuminate/Pipeline/Pipeline->{closure:{closure:Illuminate/Pipeline/Pipeline::carry():194}:195}(Object(Illuminate/Http/Request))
#50 C:/laragon/www/hrd/vendor/laravel/framework/src/Illuminate/Foundation/Http/Kernel.php(175): Illuminate/Pipeline/Pipeline->then(Object(Closure))
#51 C:/laragon/www/hrd/vendor/laravel/framework/src/Illuminate/Foundation/Http/Kernel.php(144): Illuminate/Foundation/Http/Kernel->sendRequestThroughRouter(Object(Illuminate/Http/Request))
#52 C:/laragon/www/hrd/vendor/laravel/framework/src/Illuminate/Foundation/Application.php(1220): Illuminate/Foundation/Http/Kernel->handle(Object(Illuminate/Http/Request))
#53 C:/laragon/www/hrd/public/index.php(20): Illuminate/Foundation/Application->handleRequest(Object(Illuminate/Http/Request))
#54 C:/laragon/www/hrd/vendor/laravel/framework/src/Illuminate/Foundation/resources/server.php(23): require_once('C://laragon//www//...')
#55 {main}

[previous exception] [object] (ParseError(code: 0): syntax error, unexpected token \";\", expecting \")\" at C:/laragon/www/hrd/storage/framework/views/a4364759d74f5acac7a3493e61e3397e.php:73)
[stacktrace]
#0 C:/laragon/www/hrd/vendor/laravel/framework/src/Illuminate/Filesystem/Filesystem.php(124): Illuminate/Filesystem/Filesystem::{closure:Illuminate/Filesystem/Filesystem::getRequire():120}()
#1 C:/laragon/www/hrd/vendor/laravel/framework/src/Illuminate/View/Engines/PhpEngine.php(57): Illuminate/Filesystem/Filesystem->getRequire('C://laragon//www//...', Array)
#2 C:/laragon/www/hrd/vendor/laravel/framework/src/Illuminate/View/Engines/CompilerEngine.php(76): Illuminate/View/Engines/PhpEngine->evaluatePath('C://laragon//www//...', Array)
#3 C:/laragon/www/hrd/vendor/laravel/framework/src/Illuminate/View/View.php(208): Illuminate/View/Engines/CompilerEngine->get('C://laragon//www//...', Array)
#4 C:/laragon/www/hrd/vendor/laravel/framework/src/Illuminate/View/View.php(191): Illuminate/View/View->getContents()
#5 C:/laragon/www/hrd/vendor/laravel/framework/src/Illuminate/View/View.php(160): Illuminate/View/View->renderContents()
#6 C:/laragon/www/hrd/vendor/laravel/framework/src/Illuminate/Http/Response.php(78): Illuminate/View/View->render()
#7 C:/laragon/www/hrd/vendor/laravel/framework/src/Illuminate/Http/Response.php(34): Illuminate/Http/Response->setContent(Object(Illuminate/View/View))
#8 C:/laragon/www/hrd/vendor/laravel/framework/src/Illuminate/Routing/Router.php(939): Illuminate/Http/Response->__construct(Object(Illuminate/View/View), 200, Array)
#9 C:/laragon/www/hrd/vendor/laravel/framework/src/Illuminate/Routing/Router.php(906): Illuminate/Routing/Router::toResponse(Object(Illuminate/Http/Request), Object(Illuminate/View/View))
#10 C:/laragon/www/hrd/vendor/laravel/framework/src/Illuminate/Routing/Router.php(821): Illuminate/Routing/Router->prepareResponse(Object(Illuminate/Http/Request), Object(Illuminate/View/View))
#11 C:/laragon/www/hrd/vendor/laravel/framework/src/Illuminate/Pipeline/Pipeline.php(180): Illuminate/Routing/Router->{closure:Illuminate/Routing/Router::runRouteWithinStack():821}(Object(Illuminate/Http/Request))
#12 C:/laragon/www/hrd/vendor/laravel/framework/src/Illuminate/Routing/Middleware/SubstituteBindings.php(50): Illuminate/Pipeline/Pipeline->{closure:Illuminate/Pipeline/Pipeline::prepareDestination():178}(Object(Illuminate/Http/Request))
#13 C:/laragon/www/hrd/vendor/laravel/framework/src/Illuminate/Pipeline/Pipeline.php(219): Illuminate/Routing/Middleware/SubstituteBindings->handle(Object(Illuminate/Http/Request), Object(Closure))
#14 C:/laragon/www/hrd/vendor/laravel/framework/src/Illuminate/Foundation/Http/Middleware/VerifyCsrfToken.php(87): Illuminate/Pipeline/Pipeline->{closure:{closure:Illuminate/Pipeline/Pipeline::carry():194}:195}(Object(Illuminate/Http/Request))
#15 C:/laragon/www/hrd/vendor/laravel/framework/src/Illuminate/Pipeline/Pipeline.php(219): Illuminate/Foundation/Http/Middleware/VerifyCsrfToken->handle(Object(Illuminate/Http/Request), Object(Closure))
#16 C:/laragon/www/hrd/vendor/laravel/framework/src/Illuminate/View/Middleware/ShareErrorsFromSession.php(48): Illuminate/Pipeline/Pipeline->{closure:{closure:Illuminate/Pipeline/Pipeline::carry():194}:195}(Object(Illuminate/Http/Request))
#17 C:/laragon/www/hrd/vendor/laravel/framework/src/Illuminate/Pipeline/Pipeline.php(219): Illuminate/View/Middleware/ShareErrorsFromSession->handle(Object(Illuminate/Http/Request), Object(Closure))
#18 C:/laragon/www/hrd/vendor/laravel/framework/src/Illuminate/Session/Middleware/StartSession.php(120): Illuminate/Pipeline/Pipeline->{closure:{closure:Illuminate/Pipeline/Pipeline::carry():194}:195}(Object(Illuminate/Http/Request))
#19 C:/laragon/www/hrd/vendor/laravel/framework/src/Illuminate/Session/Middleware/StartSession.php(63): Illuminate/Session/Middleware/StartSession->handleStatefulRequest(Object(Illuminate/Http/Request), Object(Illuminate/Session/Store), Object(Closure))
#20 C:/laragon/www/hrd/vendor/laravel/framework/src/Illuminate/Pipeline/Pipeline.php(219): Illuminate/Session/Middleware/StartSession->handle(Object(Illuminate/Http/Request), Object(Closure))
#21 C:/laragon/www/hrd/vendor/laravel/framework/src/Illuminate/Cookie/Middleware/AddQueuedCookiesToResponse.php(36): Illuminate/Pipeline/Pipeline->{closure:{closure:Illuminate/Pipeline/Pipeline::carry():194}:195}(Object(Illuminate/Http/Request))
#22 C:/laragon/www/hrd/vendor/laravel/framework/src/Illuminate/Pipeline/Pipeline.php(219): Illuminate/Cookie/Middleware/AddQueuedCookiesToResponse->handle(Object(Illuminate/Http/Request), Object(Closure))
#23 C:/laragon/www/hrd/vendor/laravel/framework/src/Illuminate/Cookie/Middleware/EncryptCookies.php(74): Illuminate/Pipeline/Pipeline->{closure:{closure:Illuminate/Pipeline/Pipeline::carry():194}:195}(Object(Illuminate/Http/Request))
#24 C:/laragon/www/hrd/vendor/laravel/framework/src/Illuminate/Pipeline/Pipeline.php(219): Illuminate/Cookie/Middleware/EncryptCookies->handle(Object(Illuminate/Http/Request), Object(Closure))
#25 C:/laragon/www/hrd/vendor/laravel/framework/src/Illuminate/Pipeline/Pipeline.php(137): Illuminate/Pipeline/Pipeline->{closure:{closure:Illuminate/Pipeline/Pipeline::carry():194}:195}(Object(Illuminate/Http/Request))
#26 C:/laragon/www/hrd/vendor/laravel/framework/src/Illuminate/Routing/Router.php(821): Illuminate/Pipeline/Pipeline->then(Object(Closure))
#27 C:/laragon/www/hrd/vendor/laravel/framework/src/Illuminate/Routing/Router.php(800): Illuminate/Routing/Router->runRouteWithinStack(Object(Illuminate/Routing/Route), Object(Illuminate/Http/Request))
#28 C:/laragon/www/hrd/vendor/laravel/framework/src/Illuminate/Routing/Router.php(764): Illuminate/Routing/Router->runRoute(Object(Illuminate/Http/Request), Object(Illuminate/Routing/Route))
#29 C:/laragon/www/hrd/vendor/laravel/framework/src/Illuminate/Routing/Router.php(753): Illuminate/Routing/Router->dispatchToRoute(Object(Illuminate/Http/Request))
#30 C:/laragon/www/hrd/vendor/laravel/framework/src/Illuminate/Foundation/Http/Kernel.php(200): Illuminate/Routing/Router->dispatch(Object(Illuminate/Http/Request))
#31 C:/laragon/www/hrd/vendor/laravel/framework/src/Illuminate/Pipeline/Pipeline.php(180): Illuminate/Foundation/Http/Kernel->{closure:Illuminate/Foundation/Http/Kernel::dispatchToRouter():197}(Object(Illuminate/Http/Request))
#32 C:/laragon/www/hrd/vendor/laravel/framework/src/Illuminate/Foundation/Http/Middleware/TransformsRequest.php(21): Illuminate/Pipeline/Pipeline->{closure:Illuminate/Pipeline/Pipeline::prepareDestination():178}(Object(Illuminate/Http/Request))
#33 C:/laragon/www/hrd/vendor/laravel/framework/src/Illuminate/Foundation/Http/Middleware/ConvertEmptyStringsToNull.php(31): Illuminate/Foundation/Http/Middleware/TransformsRequest->handle(Object(Illuminate/Http/Request), Object(Closure))
#34 C:/laragon/www/hrd/vendor/laravel/framework/src/Illuminate/Pipeline/Pipeline.php(219): Illuminate/Foundation/Http/Middleware/ConvertEmptyStringsToNull->handle(Object(Illuminate/Http/Request), Object(Closure))
#35 C:/laragon/www/hrd/vendor/laravel/framework/src/Illuminate/Foundation/Http/Middleware/TransformsRequest.php(21): Illuminate/Pipeline/Pipeline->{closure:{closure:Illuminate/Pipeline/Pipeline::carry():194}:195}(Object(Illuminate/Http/Request))
#36 C:/laragon/www/hrd/vendor/laravel/framework/src/Illuminate/Foundation/Http/Middleware/TrimStrings.php(51): Illuminate/Foundation/Http/Middleware/TransformsRequest->handle(Object(Illuminate/Http/Request), Object(Closure))
#37 C:/laragon/www/hrd/vendor/laravel/framework/src/Illuminate/Pipeline/Pipeline.php(219): Illuminate/Foundation/Http/Middleware/TrimStrings->handle(Object(Illuminate/Http/Request), Object(Closure))
#38 C:/laragon/www/hrd/vendor/laravel/framework/src/Illuminate/Http/Middleware/ValidatePostSize.php(27): Illuminate/Pipeline/Pipeline->{closure:{closure:Illuminate/Pipeline/Pipeline::carry():194}:195}(Object(Illuminate/Http/Request))
#39 C:/laragon/www/hrd/vendor/laravel/framework/src/Illuminate/Pipeline/Pipeline.php(219): Illuminate/Http/Middleware/ValidatePostSize->handle(Object(Illuminate/Http/Request), Object(Closure))
#40 C:/laragon/www/hrd/vendor/laravel/framework/src/Illuminate/Foundation/Http/Middleware/PreventRequestsDuringMaintenance.php(109): Illuminate/Pipeline/Pipeline->{closure:{closure:Illuminate/Pipeline/Pipeline::carry():194}:195}(Object(Illuminate/Http/Request))
#41 C:/laragon/www/hrd/vendor/laravel/framework/src/Illuminate/Pipeline/Pipeline.php(219): Illuminate/Foundation/Http/Middleware/PreventRequestsDuringMaintenance->handle(Object(Illuminate/Http/Request), Object(Closure))
#42 C:/laragon/www/hrd/vendor/laravel/framework/src/Illuminate/Http/Middleware/HandleCors.php(61): Illuminate/Pipeline/Pipeline->{closure:{closure:Illuminate/Pipeline/Pipeline::carry():194}:195}(Object(Illuminate/Http/Request))
#43 C:/laragon/www/hrd/vendor/laravel/framework/src/Illuminate/Pipeline/Pipeline.php(219): Illuminate/Http/Middleware/HandleCors->handle(Object(Illuminate/Http/Request), Object(Closure))
#44 C:/laragon/www/hrd/vendor/laravel/framework/src/Illuminate/Http/Middleware/TrustProxies.php(58): Illuminate/Pipeline/Pipeline->{closure:{closure:Illuminate/Pipeline/Pipeline::carry():194}:195}(Object(Illuminate/Http/Request))
#45 C:/laragon/www/hrd/vendor/laravel/framework/src/Illuminate/Pipeline/Pipeline.php(219): Illuminate/Http/Middleware/TrustProxies->handle(Object(Illuminate/Http/Request), Object(Closure))
#46 C:/laragon/www/hrd/vendor/laravel/framework/src/Illuminate/Foundation/Http/Middleware/InvokeDeferredCallbacks.php(22): Illuminate/Pipeline/Pipeline->{closure:{closure:Illuminate/Pipeline/Pipeline::carry():194}:195}(Object(Illuminate/Http/Request))
#47 C:/laragon/www/hrd/vendor/laravel/framework/src/Illuminate/Pipeline/Pipeline.php(219): Illuminate/Foundation/Http/Middleware/InvokeDeferredCallbacks->handle(Object(Illuminate/Http/Request), Object(Closure))
#48 C:/laragon/www/hrd/vendor/laravel/framework/src/Illuminate/Http/Middleware/ValidatePathEncoding.php(26): Illuminate/Pipeline/Pipeline->{closure:{closure:Illuminate/Pipeline/Pipeline::carry():194}:195}(Object(Illuminate/Http/Request))
#49 C:/laragon/www/hrd/vendor/laravel/framework/src/Illuminate/Pipeline/Pipeline.php(219): Illuminate/Http/Middleware/ValidatePathEncoding->handle(Object(Illuminate/Http/Request), Object(Closure))
#50 C:/laragon/www/hrd/vendor/laravel/framework/src/Illuminate/Pipeline/Pipeline.php(137): Illuminate/Pipeline/Pipeline->{closure:{closure:Illuminate/Pipeline/Pipeline::carry():194}:195}(Object(Illuminate/Http/Request))
#51 C:/laragon/www/hrd/vendor/laravel/framework/src/Illuminate/Foundation/Http/Kernel.php(175): Illuminate/Pipeline/Pipeline->then(Object(Closure))
#52 C:/laragon/www/hrd/vendor/laravel/framework/src/Illuminate/Foundation/Http/Kernel.php(144): Illuminate/Foundation/Http/Kernel->sendRequestThroughRouter(Object(Illuminate/Http/Request))
#53 C:/laragon/www/hrd/vendor/laravel/framework/src/Illuminate/Foundation/Application.php(1220): Illuminate/Foundation/Http/Kernel->handle(Object(Illuminate/Http/Request))
#54 C:/laragon/www/hrd/public/index.php(20): Illuminate/Foundation/Application->handleRequest(Object(Illuminate/Http/Request))
#55 C:/laragon/www/hrd/vendor/laravel/framework/src/Illuminate/Foundation/resources/server.php(23): require_once('C://laragon//www//...')
#56 {main}
"} 
[2026-09-04 01:02:39] local.ERROR: syntax error, unexpected token ";", expecting ")" (View: C:\laragon\www\hrd\resources\views\auth\login.blade.php) {"exception":"[object] (Illuminate\\View\\ViewException(code: 0): syntax error, unexpected token \";\", expecting \")\" (View: C:\\laragon\\www\\hrd\\resources\\views\\auth\\login.blade.php) at C:/laragon/www/hrd/storage/framework/views/a4364759d74f5acac7a3493e61e3397e.php:104)
[stacktrace]
#0 C:/laragon/www/hrd/vendor/laravel/framework/src/Illuminate/View/Engines/PhpEngine.php(59): Illuminate/View/Engines/CompilerEngine->handleViewException(Object(ParseError), 1)
#1 C:/laragon/www/hrd/vendor/laravel/framework/src/Illuminate/View/Engines/CompilerEngine.php(76): Illuminate/View/Engines/PhpEngine->evaluatePath('C://laragon//www//...', Array)
#2 C:/laragon/www/hrd/vendor/laravel/framework/src/Illuminate/View/View.php(208): Illuminate/View/Engines/CompilerEngine->get('C://laragon//www//...', Array)
#3 C:/laragon/www/hrd/vendor/laravel/framework/src/Illuminate/View/View.php(191): Illuminate/View/View->getContents()
#4 C:/laragon/www/hrd/vendor/laravel/framework/src/Illuminate/View/View.php(160): Illuminate/View/View->renderContents()
#5 C:/laragon/www/hrd/vendor/laravel/framework/src/Illuminate/Http/Response.php(78): Illuminate/View/View->render()
#6 C:/laragon/www/hrd/vendor/laravel/framework/src/Illuminate/Http/Response.php(34): Illuminate/Http/Response->setContent(Object(Illuminate/View/View))
#7 C:/laragon/www/hrd/vendor/laravel/framework/src/Illuminate/Routing/Router.php(939): Illuminate/Http/Response->__construct(Object(Illuminate/View/View), 200, Array)
#8 C:/laragon/www/hrd/vendor/laravel/framework/src/Illuminate/Routing/Router.php(906): Illuminate/Routing/Router::toResponse(Object(Illuminate/Http/Request), Object(Illuminate/View/View))
#9 C:/laragon/www/hrd/vendor/laravel/framework/src/Illuminate/Routing/Router.php(821): Illuminate/Routing/Router->prepareResponse(Object(Illuminate/Http/Request), Object(Illuminate/View/View))
#10 C:/laragon/www/hrd/vendor/laravel/framework/src/Illuminate/Pipeline/Pipeline.php(180): Illuminate/Routing/Router->{closure:Illuminate/Routing/Router::runRouteWithinStack():821}(Object(Illuminate/Http/Request))
#11 C:/laragon/www/hrd/vendor/laravel/framework/src/Illuminate/Routing/Middleware/SubstituteBindings.php(50): Illuminate/Pipeline/Pipeline->{closure:Illuminate/Pipeline/Pipeline::prepareDestination():178}(Object(Illuminate/Http/Request))
#12 C:/laragon/www/hrd/vendor/laravel/framework/src/Illuminate/Pipeline/Pipeline.php(219): Illuminate/Routing/Middleware/SubstituteBindings->handle(Object(Illuminate/Http/Request), Object(Closure))
#13 C:/laragon/www/hrd/vendor/laravel/framework/src/Illuminate/Foundation/Http/Middleware/VerifyCsrfToken.php(87): Illuminate/Pipeline/Pipeline->{closure:{closure:Illuminate/Pipeline/Pipeline::carry():194}:195}(Object(Illuminate/Http/Request))
#14 C:/laragon/www/hrd/vendor/laravel/framework/src/Illuminate/Pipeline/Pipeline.php(219): Illuminate/Foundation/Http/Middleware/VerifyCsrfToken->handle(Object(Illuminate/Http/Request), Object(Closure))
#15 C:/laragon/www/hrd/vendor/laravel/framework/src/Illuminate/View/Middleware/ShareErrorsFromSession.php(48): Illuminate/Pipeline/Pipeline->{closure:{closure:Illuminate/Pipeline/Pipeline::carry():194}:195}(Object(Illuminate/Http/Request))
#16 C:/laragon/www/hrd/vendor/laravel/framework/src/Illuminate/Pipeline/Pipeline.php(219): Illuminate/View/Middleware/ShareErrorsFromSession->handle(Object(Illuminate/Http/Request), Object(Closure))
#17 C:/laragon/www/hrd/vendor/laravel/framework/src/Illuminate/Session/Middleware/StartSession.php(120): Illuminate/Pipeline/Pipeline->{closure:{closure:Illuminate/Pipeline/Pipeline::carry():194}:195}(Object(Illuminate/Http/Request))
#18 C:/laragon/www/hrd/vendor/laravel/framework/src/Illuminate/Session/Middleware/StartSession.php(63): Illuminate/Session/Middleware/StartSession->handleStatefulRequest(Object(Illuminate/Http/Request), Object(Illuminate/Session/Store), Object(Closure))
#19 C:/laragon/www/hrd/vendor/laravel/framework/src/Illuminate/Pipeline/Pipeline.php(219): Illuminate/Session/Middleware/StartSession->handle(Object(Illuminate/Http/Request), Object(Closure))
#20 C:/laragon/www/hrd/vendor/laravel/framework/src/Illuminate/Cookie/Middleware/AddQueuedCookiesToResponse.php(36): Illuminate/Pipeline/Pipeline->{closure:{closure:Illuminate/Pipeline/Pipeline::carry():194}:195}(Object(Illuminate/Http/Request))
#21 C:/laragon/www/hrd/vendor/laravel/framework/src/Illuminate/Pipeline/Pipeline.php(219): Illuminate/Cookie/Middleware/AddQueuedCookiesToResponse->handle(Object(Illuminate/Http/Request), Object(Closure))
#22 C:/laragon/www/hrd/vendor/laravel/framework/src/Illuminate/Cookie/Middleware/EncryptCookies.php(74): Illuminate/Pipeline/Pipeline->{closure:{closure:Illuminate/Pipeline/Pipeline::carry():194}:195}(Object(Illuminate/Http/Request))
#23 C:/laragon/www/hrd/vendor/laravel/framework/src/Illuminate/Pipeline/Pipeline.php(219): Illuminate/Cookie/Middleware/EncryptCookies->handle(Object(Illuminate/Http/Request), Object(Closure))
#24 C:/laragon/www/hrd/vendor/laravel/framework/src/Illuminate/Pipeline/Pipeline.php(137): Illuminate/Pipeline/Pipeline->{closure:{closure:Illuminate/Pipeline/Pipeline::carry():194}:195}(Object(Illuminate/Http/Request))
#25 C:/laragon/www/hrd/vendor/laravel/framework/src/Illuminate/Routing/Router.php(821): Illuminate/Pipeline/Pipeline->then(Object(Closure))
#26 C:/laragon/www/hrd/vendor/laravel/framework/src/Illuminate/Routing/Router.php(800): Illuminate/Routing/Router->runRouteWithinStack(Object(Illuminate/Routing/Route), Object(Illuminate/Http/Request))
#27 C:/laragon/www/hrd/vendor/laravel/framework/src/Illuminate/Routing/Router.php(764): Illuminate/Routing/Router->runRoute(Object(Illuminate/Http/Request), Object(Illuminate/Routing/Route))
#28 C:/laragon/www/hrd/vendor/laravel/framework/src/Illuminate/Routing/Router.php(753): Illuminate/Routing/Router->dispatchToRoute(Object(Illuminate/Http/Request))
#29 C:/laragon/www/hrd/vendor/laravel/framework/src/Illuminate/Foundation/Http/Kernel.php(200): Illuminate/Routing/Router->dispatch(Object(Illuminate/Http/Request))
#30 C:/laragon/www/hrd/vendor/laravel/framework/src/Illuminate/Pipeline/Pipeline.php(180): Illuminate/Foundation/Http/Kernel->{closure:Illuminate/Foundation/Http/Kernel::dispatchToRouter():197}(Object(Illuminate/Http/Request))
#31 C:/laragon/www/hrd/vendor/laravel/framework/src/Illuminate/Foundation/Http/Middleware/TransformsRequest.php(21): Illuminate/Pipeline/Pipeline->{closure:Illuminate/Pipeline/Pipeline::prepareDestination():178}(Object(Illuminate/Http/Request))
#32 C:/laragon/www/hrd/vendor/laravel/framework/src/Illuminate/Foundation/Http/Middleware/ConvertEmptyStringsToNull.php(31): Illuminate/Foundation/Http/Middleware/TransformsRequest->handle(Object(Illuminate/Http/Request), Object(Closure))
#33 C:/laragon/www/hrd/vendor/laravel/framework/src/Illuminate/Pipeline/Pipeline.php(219): Illuminate/Foundation/Http/Middleware/ConvertEmptyStringsToNull->handle(Object(Illuminate/Http/Request), Object(Closure))
#34 C:/laragon/www/hrd/vendor/laravel/framework/src/Illuminate/Foundation/Http/Middleware/TransformsRequest.php(21): Illuminate/Pipeline/Pipeline->{closure:{closure:Illuminate/Pipeline/Pipeline::carry():194}:195}(Object(Illuminate/Http/Request))
#35 C:/laragon/www/hrd/vendor/laravel/framework/src/Illuminate/Foundation/Http/Middleware/TrimStrings.php(51): Illuminate/Foundation/Http/Middleware/TransformsRequest->handle(Object(Illuminate/Http/Request), Object(Closure))
#36 C:/laragon/www/hrd/vendor/laravel/framework/src/Illuminate/Pipeline/Pipeline.php(219): Illuminate/Foundation/Http/Middleware/TrimStrings->handle(Object(Illuminate/Http/Request), Object(Closure))
#37 C:/laragon/www/hrd/vendor/laravel/framework/src/Illuminate/Http/Middleware/ValidatePostSize.php(27): Illuminate/Pipeline/Pipeline->{closure:{closure:Illuminate/Pipeline/Pipeline::carry():194}:195}(Object(Illuminate/Http/Request))
#38 C:/laragon/www/hrd/vendor/laravel/framework/src/Illuminate/Pipeline/Pipeline.php(219): Illuminate/Http/Middleware/ValidatePostSize->handle(Object(Illuminate/Http/Request), Object(Closure))
#39 C:/laragon/www/hrd/vendor/laravel/framework/src/Illuminate/Foundation/Http/Middleware/PreventRequestsDuringMaintenance.php(109): Illuminate/Pipeline/Pipeline->{closure:{closure:Illuminate/Pipeline/Pipeline::carry():194}:195}(Object(Illuminate/Http/Request))
#40 C:/laragon/www/hrd/vendor/laravel/framework/src/Illuminate/Pipeline/Pipeline.php(219): Illuminate/Foundation/Http/Middleware/PreventRequestsDuringMaintenance->handle(Object(Illuminate/Http/Request), Object(Closure))
#41 C:/laragon/www/hrd/vendor/laravel/framework/src/Illuminate/Http/Middleware/HandleCors.php(61): Illuminate/Pipeline/Pipeline->{closure:{closure:Illuminate/Pipeline/Pipeline::carry():194}:195}(Object(Illuminate/Http/Request))
#42 C:/laragon/www/hrd/vendor/laravel/framework/src/Illuminate/Pipeline/Pipeline.php(219): Illuminate/Http/Middleware/HandleCors->handle(Object(Illuminate/Http/Request), Object(Closure))
#43 C:/laragon/www/hrd/vendor/laravel/framework/src/Illuminate/Http/Middleware/TrustProxies.php(58): Illuminate/Pipeline/Pipeline->{closure:{closure:Illuminate/Pipeline/Pipeline::carry():194}:195}(Object(Illuminate/Http/Request))
#44 C:/laragon/www/hrd/vendor/laravel/framework/src/Illuminate/Pipeline/Pipeline.php(219): Illuminate/Http/Middleware/TrustProxies->handle(Object(Illuminate/Http/Request), Object(Closure))
#45 C:/laragon/www/hrd/vendor/laravel/framework/src/Illuminate/Foundation/Http/Middleware/InvokeDeferredCallbacks.php(22): Illuminate/Pipeline/Pipeline->{closure:{closure:Illuminate/Pipeline/Pipeline::carry():194}:195}(Object(Illuminate/Http/Request))
#46 C:/laragon/www/hrd/vendor/laravel/framework/src/Illuminate/Pipeline/Pipeline.php(219): Illuminate/Foundation/Http/Middleware/InvokeDeferredCallbacks->handle(Object(Illuminate/Http/Request), Object(Closure))
#47 C:/laragon/www/hrd/vendor/laravel/framework/src/Illuminate/Http/Middleware/ValidatePathEncoding.php(26): Illuminate/Pipeline/Pipeline->{closure:{closure:Illuminate/Pipeline/Pipeline::carry():194}:195}(Object(Illuminate/Http/Request))
#48 C:/laragon/www/hrd/vendor/laravel/framework/src/Illuminate/Pipeline/Pipeline.php(219): Illuminate/Http/Middleware/ValidatePathEncoding->handle(Object(Illuminate/Http/Request), Object(Closure))
#49 C:/laragon/www/hrd/vendor/laravel/framework/src/Illuminate/Pipeline/Pipeline.php(137): Illuminate/Pipeline/Pipeline->{closure:{closure:Illuminate/Pipeline/Pipeline::carry():194}:195}(Object(Illuminate/Http/Request))
#50 C:/laragon/www/hrd/vendor/laravel/framework/src/Illuminate/Foundation/Http/Kernel.php(175): Illuminate/Pipeline/Pipeline->then(Object(Closure))
#51 C:/laragon/www/hrd/vendor/laravel/framework/src/Illuminate/Foundation/Http/Kernel.php(144): Illuminate/Foundation/Http/Kernel->sendRequestThroughRouter(Object(Illuminate/Http/Request))
#52 C:/laragon/www/hrd/vendor/laravel/framework/src/Illuminate/Foundation/Application.php(1220): Illuminate/Foundation/Http/Kernel->handle(Object(Illuminate/Http/Request))
#53 C:/laragon/www/hrd/public/index.php(20): Illuminate/Foundation/Application->handleRequest(Object(Illuminate/Http/Request))
#54 C:/laragon/www/hrd/vendor/laravel/framework/src/Illuminate/Foundation/resources/server.php(23): require_once('C://laragon//www//...')
#55 {main}

[previous exception] [object] (ParseError(code: 0): syntax error, unexpected token \";\", expecting \")\" at C:/laragon/www/hrd/storage/framework/views/a4364759d74f5acac7a3493e61e3397e.php:104)
[stacktrace]
#0 C:/laragon/www/hrd/vendor/laravel/framework/src/Illuminate/Filesystem/Filesystem.php(124): Illuminate/Filesystem/Filesystem::{closure:Illuminate/Filesystem/Filesystem::getRequire():120}()
#1 C:/laragon/www/hrd/vendor/laravel/framework/src/Illuminate/View/Engines/PhpEngine.php(57): Illuminate/Filesystem/Filesystem->getRequire('C://laragon//www//...', Array)
#2 C:/laragon/www/hrd/vendor/laravel/framework/src/Illuminate/View/Engines/CompilerEngine.php(76): Illuminate/View/Engines/PhpEngine->evaluatePath('C://laragon//www//...', Array)
#3 C:/laragon/www/hrd/vendor/laravel/framework/src/Illuminate/View/View.php(208): Illuminate/View/Engines/CompilerEngine->get('C://laragon//www//...', Array)
#4 C:/laragon/www/hrd/vendor/laravel/framework/src/Illuminate/View/View.php(191): Illuminate/View/View->getContents()
#5 C:/laragon/www/hrd/vendor/laravel/framework/src/Illuminate/View/View.php(160): Illuminate/View/View->renderContents()
#6 C:/laragon/www/hrd/vendor/laravel/framework/src/Illuminate/Http/Response.php(78): Illuminate/View/View->render()
#7 C:/laragon/www/hrd/vendor/laravel/framework/src/Illuminate/Http/Response.php(34): Illuminate/Http/Response->setContent(Object(Illuminate/View/View))
#8 C:/laragon/www/hrd/vendor/laravel/framework/src/Illuminate/Routing/Router.php(939): Illuminate/Http/Response->__construct(Object(Illuminate/View/View), 200, Array)
#9 C:/laragon/www/hrd/vendor/laravel/framework/src/Illuminate/Routing/Router.php(906): Illuminate/Routing/Router::toResponse(Object(Illuminate/Http/Request), Object(Illuminate/View/View))
#10 C:/laragon/www/hrd/vendor/laravel/framework/src/Illuminate/Routing/Router.php(821): Illuminate/Routing/Router->prepareResponse(Object(Illuminate/Http/Request), Object(Illuminate/View/View))
#11 C:/laragon/www/hrd/vendor/laravel/framework/src/Illuminate/Pipeline/Pipeline.php(180): Illuminate/Routing/Router->{closure:Illuminate/Routing/Router::runRouteWithinStack():821}(Object(Illuminate/Http/Request))
#12 C:/laragon/www/hrd/vendor/laravel/framework/src/Illuminate/Routing/Middleware/SubstituteBindings.php(50): Illuminate/Pipeline/Pipeline->{closure:Illuminate/Pipeline/Pipeline::prepareDestination():178}(Object(Illuminate/Http/Request))
#13 C:/laragon/www/hrd/vendor/laravel/framework/src/Illuminate/Pipeline/Pipeline.php(219): Illuminate/Routing/Middleware/SubstituteBindings->handle(Object(Illuminate/Http/Request), Object(Closure))
#14 C:/laragon/www/hrd/vendor/laravel/framework/src/Illuminate/Foundation/Http/Middleware/VerifyCsrfToken.php(87): Illuminate/Pipeline/Pipeline->{closure:{closure:Illuminate/Pipeline/Pipeline::carry():194}:195}(Object(Illuminate/Http/Request))
#15 C:/laragon/www/hrd/vendor/laravel/framework/src/Illuminate/Pipeline/Pipeline.php(219): Illuminate/Foundation/Http/Middleware/VerifyCsrfToken->handle(Object(Illuminate/Http/Request), Object(Closure))
#16 C:/laragon/www/hrd/vendor/laravel/framework/src/Illuminate/View/Middleware/ShareErrorsFromSession.php(48): Illuminate/Pipeline/Pipeline->{closure:{closure:Illuminate/Pipeline/Pipeline::carry():194}:195}(Object(Illuminate/Http/Request))
#17 C:/laragon/www/hrd/vendor/laravel/framework/src/Illuminate/Pipeline/Pipeline.php(219): Illuminate/View/Middleware/ShareErrorsFromSession->handle(Object(Illuminate/Http/Request), Object(Closure))
#18 C:/laragon/www/hrd/vendor/laravel/framework/src/Illuminate/Session/Middleware/StartSession.php(120): Illuminate/Pipeline/Pipeline->{closure:{closure:Illuminate/Pipeline/Pipeline::carry():194}:195}(Object(Illuminate/Http/Request))
#19 C:/laragon/www/hrd/vendor/laravel/framework/src/Illuminate/Session/Middleware/StartSession.php(63): Illuminate/Session/Middleware/StartSession->handleStatefulRequest(Object(Illuminate/Http/Request), Object(Illuminate/Session/Store), Object(Closure))
#20 C:/laragon/www/hrd/vendor/laravel/framework/src/Illuminate/Pipeline/Pipeline.php(219): Illuminate/Session/Middleware/StartSession->handle(Object(Illuminate/Http/Request), Object(Closure))
#21 C:/laragon/www/hrd/vendor/laravel/framework/src/Illuminate/Cookie/Middleware/AddQueuedCookiesToResponse.php(36): Illuminate/Pipeline/Pipeline->{closure:{closure:Illuminate/Pipeline/Pipeline::carry():194}:195}(Object(Illuminate/Http/Request))
#22 C:/laragon/www/hrd/vendor/laravel/framework/src/Illuminate/Pipeline/Pipeline.php(219): Illuminate/Cookie/Middleware/AddQueuedCookiesToResponse->handle(Object(Illuminate/Http/Request), Object(Closure))
#23 C:/laragon/www/hrd/vendor/laravel/framework/src/Illuminate/Cookie/Middleware/EncryptCookies.php(74): Illuminate/Pipeline/Pipeline->{closure:{closure:Illuminate/Pipeline/Pipeline::carry():194}:195}(Object(Illuminate/Http/Request))
#24 C:/laragon/www/hrd/vendor/laravel/framework/src/Illuminate/Pipeline/Pipeline.php(219): Illuminate/Cookie/Middleware/EncryptCookies->handle(Object(Illuminate/Http/Request), Object(Closure))
#25 C:/laragon/www/hrd/vendor/laravel/framework/src/Illuminate/Pipeline/Pipeline.php(137): Illuminate/Pipeline/Pipeline->{closure:{closure:Illuminate/Pipeline/Pipeline::carry():194}:195}(Object(Illuminate/Http/Request))
#26 C:/laragon/www/hrd/vendor/laravel/framework/src/Illuminate/Routing/Router.php(821): Illuminate/Pipeline/Pipeline->then(Object(Closure))
#27 C:/laragon/www/hrd/vendor/laravel/framework/src/Illuminate/Routing/Router.php(800): Illuminate/Routing/Router->runRouteWithinStack(Object(Illuminate/Routing/Route), Object(Illuminate/Http/Request))
#28 C:/laragon/www/hrd/vendor/laravel/framework/src/Illuminate/Routing/Router.php(764): Illuminate/Routing/Router->runRoute(Object(Illuminate/Http/Request), Object(Illuminate/Routing/Route))
#29 C:/laragon/www/hrd/vendor/laravel/framework/src/Illuminate/Routing/Router.php(753): Illuminate/Routing/Router->dispatchToRoute(Object(Illuminate/Http/Request))
#30 C:/laragon/www/hrd/vendor/laravel/framework/src/Illuminate/Foundation/Http/Kernel.php(200): Illuminate/Routing/Router->dispatch(Object(Illuminate/Http/Request))
#31 C:/laragon/www/hrd/vendor/laravel/framework/src/Illuminate/Pipeline/Pipeline.php(180): Illuminate/Foundation/Http/Kernel->{closure:Illuminate/Foundation/Http/Kernel::dispatchToRouter():197}(Object(Illuminate/Http/Request))
#32 C:/laragon/www/hrd/vendor/laravel/framework/src/Illuminate/Foundation/Http/Middleware/TransformsRequest.php(21): Illuminate/Pipeline/Pipeline->{closure:Illuminate/Pipeline/Pipeline::prepareDestination():178}(Object(Illuminate/Http/Request))
#33 C:/laragon/www/hrd/vendor/laravel/framework/src/Illuminate/Foundation/Http/Middleware/ConvertEmptyStringsToNull.php(31): Illuminate/Foundation/Http/Middleware/TransformsRequest->handle(Object(Illuminate/Http/Request), Object(Closure))
#34 C:/laragon/www/hrd/vendor/laravel/framework/src/Illuminate/Pipeline/Pipeline.php(219): Illuminate/Foundation/Http/Middleware/ConvertEmptyStringsToNull->handle(Object(Illuminate/Http/Request), Object(Closure))
#35 C:/laragon/www/hrd/vendor/laravel/framework/src/Illuminate/Foundation/Http/Middleware/TransformsRequest.php(21): Illuminate/Pipeline/Pipeline->{closure:{closure:Illuminate/Pipeline/Pipeline::carry():194}:195}(Object(Illuminate/Http/Request))
#36 C:/laragon/www/hrd/vendor/laravel/framework/src/Illuminate/Foundation/Http/Middleware/TrimStrings.php(51): Illuminate/Foundation/Http/Middleware/TransformsRequest->handle(Object(Illuminate/Http/Request), Object(Closure))
#37 C:/laragon/www/hrd/vendor/laravel/framework/src/Illuminate/Pipeline/Pipeline.php(219): Illuminate/Foundation/Http/Middleware/TrimStrings->handle(Object(Illuminate/Http/Request), Object(Closure))
#38 C:/laragon/www/hrd/vendor/laravel/framework/src/Illuminate/Http/Middleware/ValidatePostSize.php(27): Illuminate/Pipeline/Pipeline->{closure:{closure:Illuminate/Pipeline/Pipeline::carry():194}:195}(Object(Illuminate/Http/Request))
#39 C:/laragon/www/hrd/vendor/laravel/framework/src/Illuminate/Pipeline/Pipeline.php(219): Illuminate/Http/Middleware/ValidatePostSize->handle(Object(Illuminate/Http/Request), Object(Closure))
#40 C:/laragon/www/hrd/vendor/laravel/framework/src/Illuminate/Foundation/Http/Middleware/PreventRequestsDuringMaintenance.php(109): Illuminate/Pipeline/Pipeline->{closure:{closure:Illuminate/Pipeline/Pipeline::carry():194}:195}(Object(Illuminate/Http/Request))
#41 C:/laragon/www/hrd/vendor/laravel/framework/src/Illuminate/Pipeline/Pipeline.php(219): Illuminate/Foundation/Http/Middleware/PreventRequestsDuringMaintenance->handle(Object(Illuminate/Http/Request), Object(Closure))
#42 C:/laragon/www/hrd/vendor/laravel/framework/src/Illuminate/Http/Middleware/HandleCors.php(61): Illuminate/Pipeline/Pipeline->{closure:{closure:Illuminate/Pipeline/Pipeline::carry():194}:195}(Object(Illuminate/Http/Request))
#43 C:/laragon/www/hrd/vendor/laravel/framework/src/Illuminate/Pipeline/Pipeline.php(219): Illuminate/Http/Middleware/HandleCors->handle(Object(Illuminate/Http/Request), Object(Closure))
#44 C:/laragon/www/hrd/vendor/laravel/framework/src/Illuminate/Http/Middleware/TrustProxies.php(58): Illuminate/Pipeline/Pipeline->{closure:{closure:Illuminate/Pipeline/Pipeline::carry():194}:195}(Object(Illuminate/Http/Request))
#45 C:/laragon/www/hrd/vendor/laravel/framework/src/Illuminate/Pipeline/Pipeline.php(219): Illuminate/Http/Middleware/TrustProxies->handle(Object(Illuminate/Http/Request), Object(Closure))
#46 C:/laragon/www/hrd/vendor/laravel/framework/src/Illuminate/Foundation/Http/Middleware/InvokeDeferredCallbacks.php(22): Illuminate/Pipeline/Pipeline->{closure:{closure:Illuminate/Pipeline/Pipeline::carry():194}:195}(Object(Illuminate/Http/Request))
#47 C:/laragon/www/hrd/vendor/laravel/framework/src/Illuminate/Pipeline/Pipeline.php(219): Illuminate/Foundation/Http/Middleware/InvokeDeferredCallbacks->handle(Object(Illuminate/Http/Request), Object(Closure))
#48 C:/laragon/www/hrd/vendor/laravel/framework/src/Illuminate/Http/Middleware/ValidatePathEncoding.php(26): Illuminate/Pipeline/Pipeline->{closure:{closure:Illuminate/Pipeline/Pipeline::carry():194}:195}(Object(Illuminate/Http/Request))
#49 C:/laragon/www/hrd/vendor/laravel/framework/src/Illuminate/Pipeline/Pipeline.php(219): Illuminate/Http/Middleware/ValidatePathEncoding->handle(Object(Illuminate/Http/Request), Object(Closure))
#50 C:/laragon/www/hrd/vendor/laravel/framework/src/Illuminate/Pipeline/Pipeline.php(137): Illuminate/Pipeline/Pipeline->{closure:{closure:Illuminate/Pipeline/Pipeline::carry():194}:195}(Object(Illuminate/Http/Request))
#51 C:/laragon/www/hrd/vendor/laravel/framework/src/Illuminate/Foundation/Http/Kernel.php(175): Illuminate/Pipeline/Pipeline->then(Object(Closure))
#52 C:/laragon/www/hrd/vendor/laravel/framework/src/Illuminate/Foundation/Http/Kernel.php(144): Illuminate/Foundation/Http/Kernel->sendRequestThroughRouter(Object(Illuminate/Http/Request))
#53 C:/laragon/www/hrd/vendor/laravel/framework/src/Illuminate/Foundation/Application.php(1220): Illuminate/Foundation/Http/Kernel->handle(Object(Illuminate/Http/Request))
#54 C:/laragon/www/hrd/public/index.php(20): Illuminate/Foundation/Application->handleRequest(Object(Illuminate/Http/Request))
#55 C:/laragon/www/hrd/vendor/laravel/framework/src/Illuminate/Foundation/resources/server.php(23): require_once('C://laragon//www//...')
#56 {main}
"} 
[2026-09-04 01:04:51] local.ERROR: syntax error, unexpected token ";", expecting ")" (View: C:\laragon\www\hrd\resources\views\auth\login.blade.php) {"exception":"[object] (Illuminate\\View\\ViewException(code: 0): syntax error, unexpected token \";\", expecting \")\" (View: C:\\laragon\\www\\hrd\\resources\\views\\auth\\login.blade.php) at C:/laragon/www/hrd/storage/framework/views/a4364759d74f5acac7a3493e61e3397e.php:200)
[stacktrace]
#0 C:/laragon/www/hrd/vendor/laravel/framework/src/Illuminate/View/Engines/PhpEngine.php(59): Illuminate/View/Engines/CompilerEngine->handleViewException(Object(ParseError), 1)
#1 C:/laragon/www/hrd/vendor/laravel/framework/src/Illuminate/View/Engines/CompilerEngine.php(76): Illuminate/View/Engines/PhpEngine->evaluatePath('C://laragon//www//...', Array)
#2 C:/laragon/www/hrd/vendor/laravel/framework/src/Illuminate/View/View.php(208): Illuminate/View/Engines/CompilerEngine->get('C://laragon//www//...', Array)
#3 C:/laragon/www/hrd/vendor/laravel/framework/src/Illuminate/View/View.php(191): Illuminate/View/View->getContents()
#4 C:/laragon/www/hrd/vendor/laravel/framework/src/Illuminate/View/View.php(160): Illuminate/View/View->renderContents()
#5 C:/laragon/www/hrd/vendor/laravel/framework/src/Illuminate/Http/Response.php(78): Illuminate/View/View->render()
#6 C:/laragon/www/hrd/vendor/laravel/framework/src/Illuminate/Http/Response.php(34): Illuminate/Http/Response->setContent(Object(Illuminate/View/View))
#7 C:/laragon/www/hrd/vendor/laravel/framework/src/Illuminate/Routing/Router.php(939): Illuminate/Http/Response->__construct(Object(Illuminate/View/View), 200, Array)
#8 C:/laragon/www/hrd/vendor/laravel/framework/src/Illuminate/Routing/Router.php(906): Illuminate/Routing/Router::toResponse(Object(Illuminate/Http/Request), Object(Illuminate/View/View))
#9 C:/laragon/www/hrd/vendor/laravel/framework/src/Illuminate/Routing/Router.php(821): Illuminate/Routing/Router->prepareResponse(Object(Illuminate/Http/Request), Object(Illuminate/View/View))
#10 C:/laragon/www/hrd/vendor/laravel/framework/src/Illuminate/Pipeline/Pipeline.php(180): Illuminate/Routing/Router->{closure:Illuminate/Routing/Router::runRouteWithinStack():821}(Object(Illuminate/Http/Request))
#11 C:/laragon/www/hrd/vendor/laravel/framework/src/Illuminate/Routing/Middleware/SubstituteBindings.php(50): Illuminate/Pipeline/Pipeline->{closure:Illuminate/Pipeline/Pipeline::prepareDestination():178}(Object(Illuminate/Http/Request))
#12 C:/laragon/www/hrd/vendor/laravel/framework/src/Illuminate/Pipeline/Pipeline.php(219): Illuminate/Routing/Middleware/SubstituteBindings->handle(Object(Illuminate/Http/Request), Object(Closure))
#13 C:/laragon/www/hrd/vendor/laravel/framework/src/Illuminate/Foundation/Http/Middleware/VerifyCsrfToken.php(87): Illuminate/Pipeline/Pipeline->{closure:{closure:Illuminate/Pipeline/Pipeline::carry():194}:195}(Object(Illuminate/Http/Request))
#14 C:/laragon/www/hrd/vendor/laravel/framework/src/Illuminate/Pipeline/Pipeline.php(219): Illuminate/Foundation/Http/Middleware/VerifyCsrfToken->handle(Object(Illuminate/Http/Request), Object(Closure))
#15 C:/laragon/www/hrd/vendor/laravel/framework/src/Illuminate/View/Middleware/ShareErrorsFromSession.php(48): Illuminate/Pipeline/Pipeline->{closure:{closure:Illuminate/Pipeline/Pipeline::carry():194}:195}(Object(Illuminate/Http/Request))
#16 C:/laragon/www/hrd/vendor/laravel/framework/src/Illuminate/Pipeline/Pipeline.php(219): Illuminate/View/Middleware/ShareErrorsFromSession->handle(Object(Illuminate/Http/Request), Object(Closure))
#17 C:/laragon/www/hrd/vendor/laravel/framework/src/Illuminate/Session/Middleware/StartSession.php(120): Illuminate/Pipeline/Pipeline->{closure:{closure:Illuminate/Pipeline/Pipeline::carry():194}:195}(Object(Illuminate/Http/Request))
#18 C:/laragon/www/hrd/vendor/laravel/framework/src/Illuminate/Session/Middleware/StartSession.php(63): Illuminate/Session/Middleware/StartSession->handleStatefulRequest(Object(Illuminate/Http/Request), Object(Illuminate/Session/Store), Object(Closure))
#19 C:/laragon/www/hrd/vendor/laravel/framework/src/Illuminate/Pipeline/Pipeline.php(219): Illuminate/Session/Middleware/StartSession->handle(Object(Illuminate/Http/Request), Object(Closure))
#20 C:/laragon/www/hrd/vendor/laravel/framework/src/Illuminate/Cookie/Middleware/AddQueuedCookiesToResponse.php(36): Illuminate/Pipeline/Pipeline->{closure:{closure:Illuminate/Pipeline/Pipeline::carry():194}:195}(Object(Illuminate/Http/Request))
#21 C:/laragon/www/hrd/vendor/laravel/framework/src/Illuminate/Pipeline/Pipeline.php(219): Illuminate/Cookie/Middleware/AddQueuedCookiesToResponse->handle(Object(Illuminate/Http/Request), Object(Closure))
#22 C:/laragon/www/hrd/vendor/laravel/framework/src/Illuminate/Cookie/Middleware/EncryptCookies.php(74): Illuminate/Pipeline/Pipeline->{closure:{closure:Illuminate/Pipeline/Pipeline::carry():194}:195}(Object(Illuminate/Http/Request))
#23 C:/laragon/www/hrd/vendor/laravel/framework/src/Illuminate/Pipeline/Pipeline.php(219): Illuminate/Cookie/Middleware/EncryptCookies->handle(Object(Illuminate/Http/Request), Object(Closure))
#24 C:/laragon/www/hrd/vendor/laravel/framework/src/Illuminate/Pipeline/Pipeline.php(137): Illuminate/Pipeline/Pipeline->{closure:{closure:Illuminate/Pipeline/Pipeline::carry():194}:195}(Object(Illuminate/Http/Request))
#25 C:/laragon/www/hrd/vendor/laravel/framework/src/Illuminate/Routing/Router.php(821): Illuminate/Pipeline/Pipeline->then(Object(Closure))
#26 C:/laragon/www/hrd/vendor/laravel/framework/src/Illuminate/Routing/Router.php(800): Illuminate/Routing/Router->runRouteWithinStack(Object(Illuminate/Routing/Route), Object(Illuminate/Http/Request))
#27 C:/laragon/www/hrd/vendor/laravel/framework/src/Illuminate/Routing/Router.php(764): Illuminate/Routing/Router->runRoute(Object(Illuminate/Http/Request), Object(Illuminate/Routing/Route))
#28 C:/laragon/www/hrd/vendor/laravel/framework/src/Illuminate/Routing/Router.php(753): Illuminate/Routing/Router->dispatchToRoute(Object(Illuminate/Http/Request))
#29 C:/laragon/www/hrd/vendor/laravel/framework/src/Illuminate/Foundation/Http/Kernel.php(200): Illuminate/Routing/Router->dispatch(Object(Illuminate/Http/Request))
#30 C:/laragon/www/hrd/vendor/laravel/framework/src/Illuminate/Pipeline/Pipeline.php(180): Illuminate/Foundation/Http/Kernel->{closure:Illuminate/Foundation/Http/Kernel::dispatchToRouter():197}(Object(Illuminate/Http/Request))
#31 C:/laragon/www/hrd/vendor/laravel/framework/src/Illuminate/Foundation/Http/Middleware/TransformsRequest.php(21): Illuminate/Pipeline/Pipeline->{closure:Illuminate/Pipeline/Pipeline::prepareDestination():178}(Object(Illuminate/Http/Request))
#32 C:/laragon/www/hrd/vendor/laravel/framework/src/Illuminate/Foundation/Http/Middleware/ConvertEmptyStringsToNull.php(31): Illuminate/Foundation/Http/Middleware/TransformsRequest->handle(Object(Illuminate/Http/Request), Object(Closure))
#33 C:/laragon/www/hrd/vendor/laravel/framework/src/Illuminate/Pipeline/Pipeline.php(219): Illuminate/Foundation/Http/Middleware/ConvertEmptyStringsToNull->handle(Object(Illuminate/Http/Request), Object(Closure))
#34 C:/laragon/www/hrd/vendor/laravel/framework/src/Illuminate/Foundation/Http/Middleware/TransformsRequest.php(21): Illuminate/Pipeline/Pipeline->{closure:{closure:Illuminate/Pipeline/Pipeline::carry():194}:195}(Object(Illuminate/Http/Request))
#35 C:/laragon/www/hrd/vendor/laravel/framework/src/Illuminate/Foundation/Http/Middleware/TrimStrings.php(51): Illuminate/Foundation/Http/Middleware/TransformsRequest->handle(Object(Illuminate/Http/Request), Object(Closure))
#36 C:/laragon/www/hrd/vendor/laravel/framework/src/Illuminate/Pipeline/Pipeline.php(219): Illuminate/Foundation/Http/Middleware/TrimStrings->handle(Object(Illuminate/Http/Request), Object(Closure))
#37 C:/laragon/www/hrd/vendor/laravel/framework/src/Illuminate/Http/Middleware/ValidatePostSize.php(27): Illuminate/Pipeline/Pipeline->{closure:{closure:Illuminate/Pipeline/Pipeline::carry():194}:195}(Object(Illuminate/Http/Request))
#38 C:/laragon/www/hrd/vendor/laravel/framework/src/Illuminate/Pipeline/Pipeline.php(219): Illuminate/Http/Middleware/ValidatePostSize->handle(Object(Illuminate/Http/Request), Object(Closure))
#39 C:/laragon/www/hrd/vendor/laravel/framework/src/Illuminate/Foundation/Http/Middleware/PreventRequestsDuringMaintenance.php(109): Illuminate/Pipeline/Pipeline->{closure:{closure:Illuminate/Pipeline/Pipeline::carry():194}:195}(Object(Illuminate/Http/Request))
#40 C:/laragon/www/hrd/vendor/laravel/framework/src/Illuminate/Pipeline/Pipeline.php(219): Illuminate/Foundation/Http/Middleware/PreventRequestsDuringMaintenance->handle(Object(Illuminate/Http/Request), Object(Closure))
#41 C:/laragon/www/hrd/vendor/laravel/framework/src/Illuminate/Http/Middleware/HandleCors.php(61): Illuminate/Pipeline/Pipeline->{closure:{closure:Illuminate/Pipeline/Pipeline::carry():194}:195}(Object(Illuminate/Http/Request))
#42 C:/laragon/www/hrd/vendor/laravel/framework/src/Illuminate/Pipeline/Pipeline.php(219): Illuminate/Http/Middleware/HandleCors->handle(Object(Illuminate/Http/Request), Object(Closure))
#43 C:/laragon/www/hrd/vendor/laravel/framework/src/Illuminate/Http/Middleware/TrustProxies.php(58): Illuminate/Pipeline/Pipeline->{closure:{closure:Illuminate/Pipeline/Pipeline::carry():194}:195}(Object(Illuminate/Http/Request))
#44 C:/laragon/www/hrd/vendor/laravel/framework/src/Illuminate/Pipeline/Pipeline.php(219): Illuminate/Http/Middleware/TrustProxies->handle(Object(Illuminate/Http/Request), Object(Closure))
#45 C:/laragon/www/hrd/vendor/laravel/framework/src/Illuminate/Foundation/Http/Middleware/InvokeDeferredCallbacks.php(22): Illuminate/Pipeline/Pipeline->{closure:{closure:Illuminate/Pipeline/Pipeline::carry():194}:195}(Object(Illuminate/Http/Request))
#46 C:/laragon/www/hrd/vendor/laravel/framework/src/Illuminate/Pipeline/Pipeline.php(219): Illuminate/Foundation/Http/Middleware/InvokeDeferredCallbacks->handle(Object(Illuminate/Http/Request), Object(Closure))
#47 C:/laragon/www/hrd/vendor/laravel/framework/src/Illuminate/Http/Middleware/ValidatePathEncoding.php(26): Illuminate/Pipeline/Pipeline->{closure:{closure:Illuminate/Pipeline/Pipeline::carry():194}:195}(Object(Illuminate/Http/Request))
#48 C:/laragon/www/hrd/vendor/laravel/framework/src/Illuminate/Pipeline/Pipeline.php(219): Illuminate/Http/Middleware/ValidatePathEncoding->handle(Object(Illuminate/Http/Request), Object(Closure))
#49 C:/laragon/www/hrd/vendor/laravel/framework/src/Illuminate/Pipeline/Pipeline.php(137): Illuminate/Pipeline/Pipeline->{closure:{closure:Illuminate/Pipeline/Pipeline::carry():194}:195}(Object(Illuminate/Http/Request))
#50 C:/laragon/www/hrd/vendor/laravel/framework/src/Illuminate/Foundation/Http/Kernel.php(175): Illuminate/Pipeline/Pipeline->then(Object(Closure))
#51 C:/laragon/www/hrd/vendor/laravel/framework/src/Illuminate/Foundation/Http/Kernel.php(144): Illuminate/Foundation/Http/Kernel->sendRequestThroughRouter(Object(Illuminate/Http/Request))
#52 C:/laragon/www/hrd/vendor/laravel/framework/src/Illuminate/Foundation/Application.php(1220): Illuminate/Foundation/Http/Kernel->handle(Object(Illuminate/Http/Request))
#53 C:/laragon/www/hrd/public/index.php(20): Illuminate/Foundation/Application->handleRequest(Object(Illuminate/Http/Request))
#54 C:/laragon/www/hrd/vendor/laravel/framework/src/Illuminate/Foundation/resources/server.php(23): require_once('C://laragon//www//...')
#55 {main}

[previous exception] [object] (ParseError(code: 0): syntax error, unexpected token \";\", expecting \")\" at C:/laragon/www/hrd/storage/framework/views/a4364759d74f5acac7a3493e61e3397e.php:200)
[stacktrace]
#0 C:/laragon/www/hrd/vendor/laravel/framework/src/Illuminate/Filesystem/Filesystem.php(124): Illuminate/Filesystem/Filesystem::{closure:Illuminate/Filesystem/Filesystem::getRequire():120}()
#1 C:/laragon/www/hrd/vendor/laravel/framework/src/Illuminate/View/Engines/PhpEngine.php(57): Illuminate/Filesystem/Filesystem->getRequire('C://laragon//www//...', Array)
#2 C:/laragon/www/hrd/vendor/laravel/framework/src/Illuminate/View/Engines/CompilerEngine.php(76): Illuminate/View/Engines/PhpEngine->evaluatePath('C://laragon//www//...', Array)
#3 C:/laragon/www/hrd/vendor/laravel/framework/src/Illuminate/View/View.php(208): Illuminate/View/Engines/CompilerEngine->get('C://laragon//www//...', Array)
#4 C:/laragon/www/hrd/vendor/laravel/framework/src/Illuminate/View/View.php(191): Illuminate/View/View->getContents()
#5 C:/laragon/www/hrd/vendor/laravel/framework/src/Illuminate/View/View.php(160): Illuminate/View/View->renderContents()
#6 C:/laragon/www/hrd/vendor/laravel/framework/src/Illuminate/Http/Response.php(78): Illuminate/View/View->render()
#7 C:/laragon/www/hrd/vendor/laravel/framework/src/Illuminate/Http/Response.php(34): Illuminate/Http/Response->setContent(Object(Illuminate/View/View))
#8 C:/laragon/www/hrd/vendor/laravel/framework/src/Illuminate/Routing/Router.php(939): Illuminate/Http/Response->__construct(Object(Illuminate/View/View), 200, Array)
#9 C:/laragon/www/hrd/vendor/laravel/framework/src/Illuminate/Routing/Router.php(906): Illuminate/Routing/Router::toResponse(Object(Illuminate/Http/Request), Object(Illuminate/View/View))
#10 C:/laragon/www/hrd/vendor/laravel/framework/src/Illuminate/Routing/Router.php(821): Illuminate/Routing/Router->prepareResponse(Object(Illuminate/Http/Request), Object(Illuminate/View/View))
#11 C:/laragon/www/hrd/vendor/laravel/framework/src/Illuminate/Pipeline/Pipeline.php(180): Illuminate/Routing/Router->{closure:Illuminate/Routing/Router::runRouteWithinStack():821}(Object(Illuminate/Http/Request))
#12 C:/laragon/www/hrd/vendor/laravel/framework/src/Illuminate/Routing/Middleware/SubstituteBindings.php(50): Illuminate/Pipeline/Pipeline->{closure:Illuminate/Pipeline/Pipeline::prepareDestination():178}(Object(Illuminate/Http/Request))
#13 C:/laragon/www/hrd/vendor/laravel/framework/src/Illuminate/Pipeline/Pipeline.php(219): Illuminate/Routing/Middleware/SubstituteBindings->handle(Object(Illuminate/Http/Request), Object(Closure))
#14 C:/laragon/www/hrd/vendor/laravel/framework/src/Illuminate/Foundation/Http/Middleware/VerifyCsrfToken.php(87): Illuminate/Pipeline/Pipeline->{closure:{closure:Illuminate/Pipeline/Pipeline::carry():194}:195}(Object(Illuminate/Http/Request))
#15 C:/laragon/www/hrd/vendor/laravel/framework/src/Illuminate/Pipeline/Pipeline.php(219): Illuminate/Foundation/Http/Middleware/VerifyCsrfToken->handle(Object(Illuminate/Http/Request), Object(Closure))
#16 C:/laragon/www/hrd/vendor/laravel/framework/src/Illuminate/View/Middleware/ShareErrorsFromSession.php(48): Illuminate/Pipeline/Pipeline->{closure:{closure:Illuminate/Pipeline/Pipeline::carry():194}:195}(Object(Illuminate/Http/Request))
#17 C:/laragon/www/hrd/vendor/laravel/framework/src/Illuminate/Pipeline/Pipeline.php(219): Illuminate/View/Middleware/ShareErrorsFromSession->handle(Object(Illuminate/Http/Request), Object(Closure))
#18 C:/laragon/www/hrd/vendor/laravel/framework/src/Illuminate/Session/Middleware/StartSession.php(120): Illuminate/Pipeline/Pipeline->{closure:{closure:Illuminate/Pipeline/Pipeline::carry():194}:195}(Object(Illuminate/Http/Request))
#19 C:/laragon/www/hrd/vendor/laravel/framework/src/Illuminate/Session/Middleware/StartSession.php(63): Illuminate/Session/Middleware/StartSession->handleStatefulRequest(Object(Illuminate/Http/Request), Object(Illuminate/Session/Store), Object(Closure))
#20 C:/laragon/www/hrd/vendor/laravel/framework/src/Illuminate/Pipeline/Pipeline.php(219): Illuminate/Session/Middleware/StartSession->handle(Object(Illuminate/Http/Request), Object(Closure))
#21 C:/laragon/www/hrd/vendor/laravel/framework/src/Illuminate/Cookie/Middleware/AddQueuedCookiesToResponse.php(36): Illuminate/Pipeline/Pipeline->{closure:{closure:Illuminate/Pipeline/Pipeline::carry():194}:195}(Object(Illuminate/Http/Request))
#22 C:/laragon/www/hrd/vendor/laravel/framework/src/Illuminate/Pipeline/Pipeline.php(219): Illuminate/Cookie/Middleware/AddQueuedCookiesToResponse->handle(Object(Illuminate/Http/Request), Object(Closure))
#23 C:/laragon/www/hrd/vendor/laravel/framework/src/Illuminate/Cookie/Middleware/EncryptCookies.php(74): Illuminate/Pipeline/Pipeline->{closure:{closure:Illuminate/Pipeline/Pipeline::carry():194}:195}(Object(Illuminate/Http/Request))
#24 C:/laragon/www/hrd/vendor/laravel/framework/src/Illuminate/Pipeline/Pipeline.php(219): Illuminate/Cookie/Middleware/EncryptCookies->handle(Object(Illuminate/Http/Request), Object(Closure))
#25 C:/laragon/www/hrd/vendor/laravel/framework/src/Illuminate/Pipeline/Pipeline.php(137): Illuminate/Pipeline/Pipeline->{closure:{closure:Illuminate/Pipeline/Pipeline::carry():194}:195}(Object(Illuminate/Http/Request))
#26 C:/laragon/www/hrd/vendor/laravel/framework/src/Illuminate/Routing/Router.php(821): Illuminate/Pipeline/Pipeline->then(Object(Closure))
#27 C:/laragon/www/hrd/vendor/laravel/framework/src/Illuminate/Routing/Router.php(800): Illuminate/Routing/Router->runRouteWithinStack(Object(Illuminate/Routing/Route), Object(Illuminate/Http/Request))
#28 C:/laragon/www/hrd/vendor/laravel/framework/src/Illuminate/Routing/Router.php(764): Illuminate/Routing/Router->runRoute(Object(Illuminate/Http/Request), Object(Illuminate/Routing/Route))
#29 C:/laragon/www/hrd/vendor/laravel/framework/src/Illuminate/Routing/Router.php(753): Illuminate/Routing/Router->dispatchToRoute(Object(Illuminate/Http/Request))
#30 C:/laragon/www/hrd/vendor/laravel/framework/src/Illuminate/Foundation/Http/Kernel.php(200): Illuminate/Routing/Router->dispatch(Object(Illuminate/Http/Request))
#31 C:/laragon/www/hrd/vendor/laravel/framework/src/Illuminate/Pipeline/Pipeline.php(180): Illuminate/Foundation/Http/Kernel->{closure:Illuminate/Foundation/Http/Kernel::dispatchToRouter():197}(Object(Illuminate/Http/Request))
#32 C:/laragon/www/hrd/vendor/laravel/framework/src/Illuminate/Foundation/Http/Middleware/TransformsRequest.php(21): Illuminate/Pipeline/Pipeline->{closure:Illuminate/Pipeline/Pipeline::prepareDestination():178}(Object(Illuminate/Http/Request))
#33 C:/laragon/www/hrd/vendor/laravel/framework/src/Illuminate/Foundation/Http/Middleware/ConvertEmptyStringsToNull.php(31): Illuminate/Foundation/Http/Middleware/TransformsRequest->handle(Object(Illuminate/Http/Request), Object(Closure))
#34 C:/laragon/www/hrd/vendor/laravel/framework/src/Illuminate/Pipeline/Pipeline.php(219): Illuminate/Foundation/Http/Middleware/ConvertEmptyStringsToNull->handle(Object(Illuminate/Http/Request), Object(Closure))
#35 C:/laragon/www/hrd/vendor/laravel/framework/src/Illuminate/Foundation/Http/Middleware/TransformsRequest.php(21): Illuminate/Pipeline/Pipeline->{closure:{closure:Illuminate/Pipeline/Pipeline::carry():194}:195}(Object(Illuminate/Http/Request))
#36 C:/laragon/www/hrd/vendor/laravel/framework/src/Illuminate/Foundation/Http/Middleware/TrimStrings.php(51): Illuminate/Foundation/Http/Middleware/TransformsRequest->handle(Object(Illuminate/Http/Request), Object(Closure))
#37 C:/laragon/www/hrd/vendor/laravel/framework/src/Illuminate/Pipeline/Pipeline.php(219): Illuminate/Foundation/Http/Middleware/TrimStrings->handle(Object(Illuminate/Http/Request), Object(Closure))
#38 C:/laragon/www/hrd/vendor/laravel/framework/src/Illuminate/Http/Middleware/ValidatePostSize.php(27): Illuminate/Pipeline/Pipeline->{closure:{closure:Illuminate/Pipeline/Pipeline::carry():194}:195}(Object(Illuminate/Http/Request))
#39 C:/laragon/www/hrd/vendor/laravel/framework/src/Illuminate/Pipeline/Pipeline.php(219): Illuminate/Http/Middleware/ValidatePostSize->handle(Object(Illuminate/Http/Request), Object(Closure))
#40 C:/laragon/www/hrd/vendor/laravel/framework/src/Illuminate/Foundation/Http/Middleware/PreventRequestsDuringMaintenance.php(109): Illuminate/Pipeline/Pipeline->{closure:{closure:Illuminate/Pipeline/Pipeline::carry():194}:195}(Object(Illuminate/Http/Request))
#41 C:/laragon/www/hrd/vendor/laravel/framework/src/Illuminate/Pipeline/Pipeline.php(219): Illuminate/Foundation/Http/Middleware/PreventRequestsDuringMaintenance->handle(Object(Illuminate/Http/Request), Object(Closure))
#42 C:/laragon/www/hrd/vendor/laravel/framework/src/Illuminate/Http/Middleware/HandleCors.php(61): Illuminate/Pipeline/Pipeline->{closure:{closure:Illuminate/Pipeline/Pipeline::carry():194}:195}(Object(Illuminate/Http/Request))
#43 C:/laragon/www/hrd/vendor/laravel/framework/src/Illuminate/Pipeline/Pipeline.php(219): Illuminate/Http/Middleware/HandleCors->handle(Object(Illuminate/Http/Request), Object(Closure))
#44 C:/laragon/www/hrd/vendor/laravel/framework/src/Illuminate/Http/Middleware/TrustProxies.php(58): Illuminate/Pipeline/Pipeline->{closure:{closure:Illuminate/Pipeline/Pipeline::carry():194}:195}(Object(Illuminate/Http/Request))
#45 C:/laragon/www/hrd/vendor/laravel/framework/src/Illuminate/Pipeline/Pipeline.php(219): Illuminate/Http/Middleware/TrustProxies->handle(Object(Illuminate/Http/Request), Object(Closure))
#46 C:/laragon/www/hrd/vendor/laravel/framework/src/Illuminate/Foundation/Http/Middleware/InvokeDeferredCallbacks.php(22): Illuminate/Pipeline/Pipeline->{closure:{closure:Illuminate/Pipeline/Pipeline::carry():194}:195}(Object(Illuminate/Http/Request))
#47 C:/laragon/www/hrd/vendor/laravel/framework/src/Illuminate/Pipeline/Pipeline.php(219): Illuminate/Foundation/Http/Middleware/InvokeDeferredCallbacks->handle(Object(Illuminate/Http/Request), Object(Closure))
#48 C:/laragon/www/hrd/vendor/laravel/framework/src/Illuminate/Http/Middleware/ValidatePathEncoding.php(26): Illuminate/Pipeline/Pipeline->{closure:{closure:Illuminate/Pipeline/Pipeline::carry():194}:195}(Object(Illuminate/Http/Request))
#49 C:/laragon/www/hrd/vendor/laravel/framework/src/Illuminate/Pipeline/Pipeline.php(219): Illuminate/Http/Middleware/ValidatePathEncoding->handle(Object(Illuminate/Http/Request), Object(Closure))
#50 C:/laragon/www/hrd/vendor/laravel/framework/src/Illuminate/Pipeline/Pipeline.php(137): Illuminate/Pipeline/Pipeline->{closure:{closure:Illuminate/Pipeline/Pipeline::carry():194}:195}(Object(Illuminate/Http/Request))
#51 C:/laragon/www/hrd/vendor/laravel/framework/src/Illuminate/Foundation/Http/Kernel.php(175): Illuminate/Pipeline/Pipeline->then(Object(Closure))
#52 C:/laragon/www/hrd/vendor/laravel/framework/src/Illuminate/Foundation/Http/Kernel.php(144): Illuminate/Foundation/Http/Kernel->sendRequestThroughRouter(Object(Illuminate/Http/Request))
#53 C:/laragon/www/hrd/vendor/laravel/framework/src/Illuminate/Foundation/Application.php(1220): Illuminate/Foundation/Http/Kernel->handle(Object(Illuminate/Http/Request))
#54 C:/laragon/www/hrd/public/index.php(20): Illuminate/Foundation/Application->handleRequest(Object(Illuminate/Http/Request))
#55 C:/laragon/www/hrd/vendor/laravel/framework/src/Illuminate/Foundation/resources/server.php(23): require_once('C://laragon//www//...')
#56 {main}
"} 
[2026-09-04 01:16:59] local.ERROR: syntax error, unexpected single-quoted string "); ?>" />", expecting ")" (View: C:\laragon\www\hrd\resources\views\auth\login.blade.php) {"exception":"[object] (Illuminate\\View\\ViewException(code: 0): syntax error, unexpected single-quoted string \"); ?>\" />
\", expecting \")\" (View: C:\\laragon\\www\\hrd\\resources\\views\\auth\\login.blade.php) at C:/laragon/www/hrd/storage/framework/views/a4364759d74f5acac7a3493e61e3397e.php:200)
[stacktrace]
#0 C:/laragon/www/hrd/vendor/laravel/framework/src/Illuminate/View/Engines/PhpEngine.php(59): Illuminate/View/Engines/CompilerEngine->handleViewException(Object(ParseError), 1)
#1 C:/laragon/www/hrd/vendor/laravel/framework/src/Illuminate/View/Engines/CompilerEngine.php(76): Illuminate/View/Engines/PhpEngine->evaluatePath('C://laragon//www//...', Array)
#2 C:/laragon/www/hrd/vendor/laravel/framework/src/Illuminate/View/View.php(208): Illuminate/View/Engines/CompilerEngine->get('C://laragon//www//...', Array)
#3 C:/laragon/www/hrd/vendor/laravel/framework/src/Illuminate/View/View.php(191): Illuminate/View/View->getContents()
#4 C:/laragon/www/hrd/vendor/laravel/framework/src/Illuminate/View/View.php(160): Illuminate/View/View->renderContents()
#5 C:/laragon/www/hrd/vendor/laravel/framework/src/Illuminate/Http/Response.php(78): Illuminate/View/View->render()
#6 C:/laragon/www/hrd/vendor/laravel/framework/src/Illuminate/Http/Response.php(34): Illuminate/Http/Response->setContent(Object(Illuminate/View/View))
#7 C:/laragon/www/hrd/vendor/laravel/framework/src/Illuminate/Routing/Router.php(939): Illuminate/Http/Response->__construct(Object(Illuminate/View/View), 200, Array)
#8 C:/laragon/www/hrd/vendor/laravel/framework/src/Illuminate/Routing/Router.php(906): Illuminate/Routing/Router::toResponse(Object(Illuminate/Http/Request), Object(Illuminate/View/View))
#9 C:/laragon/www/hrd/vendor/laravel/framework/src/Illuminate/Routing/Router.php(821): Illuminate/Routing/Router->prepareResponse(Object(Illuminate/Http/Request), Object(Illuminate/View/View))
#10 C:/laragon/www/hrd/vendor/laravel/framework/src/Illuminate/Pipeline/Pipeline.php(180): Illuminate/Routing/Router->{closure:Illuminate/Routing/Router::runRouteWithinStack():821}(Object(Illuminate/Http/Request))
#11 C:/laragon/www/hrd/vendor/laravel/framework/src/Illuminate/Routing/Middleware/SubstituteBindings.php(50): Illuminate/Pipeline/Pipeline->{closure:Illuminate/Pipeline/Pipeline::prepareDestination():178}(Object(Illuminate/Http/Request))
#12 C:/laragon/www/hrd/vendor/laravel/framework/src/Illuminate/Pipeline/Pipeline.php(219): Illuminate/Routing/Middleware/SubstituteBindings->handle(Object(Illuminate/Http/Request), Object(Closure))
#13 C:/laragon/www/hrd/vendor/laravel/framework/src/Illuminate/Foundation/Http/Middleware/VerifyCsrfToken.php(87): Illuminate/Pipeline/Pipeline->{closure:{closure:Illuminate/Pipeline/Pipeline::carry():194}:195}(Object(Illuminate/Http/Request))
#14 C:/laragon/www/hrd/vendor/laravel/framework/src/Illuminate/Pipeline/Pipeline.php(219): Illuminate/Foundation/Http/Middleware/VerifyCsrfToken->handle(Object(Illuminate/Http/Request), Object(Closure))
#15 C:/laragon/www/hrd/vendor/laravel/framework/src/Illuminate/View/Middleware/ShareErrorsFromSession.php(48): Illuminate/Pipeline/Pipeline->{closure:{closure:Illuminate/Pipeline/Pipeline::carry():194}:195}(Object(Illuminate/Http/Request))
#16 C:/laragon/www/hrd/vendor/laravel/framework/src/Illuminate/Pipeline/Pipeline.php(219): Illuminate/View/Middleware/ShareErrorsFromSession->handle(Object(Illuminate/Http/Request), Object(Closure))
#17 C:/laragon/www/hrd/vendor/laravel/framework/src/Illuminate/Session/Middleware/StartSession.php(120): Illuminate/Pipeline/Pipeline->{closure:{closure:Illuminate/Pipeline/Pipeline::carry():194}:195}(Object(Illuminate/Http/Request))
#18 C:/laragon/www/hrd/vendor/laravel/framework/src/Illuminate/Session/Middleware/StartSession.php(63): Illuminate/Session/Middleware/StartSession->handleStatefulRequest(Object(Illuminate/Http/Request), Object(Illuminate/Session/Store), Object(Closure))
#19 C:/laragon/www/hrd/vendor/laravel/framework/src/Illuminate/Pipeline/Pipeline.php(219): Illuminate/Session/Middleware/StartSession->handle(Object(Illuminate/Http/Request), Object(Closure))
#20 C:/laragon/www/hrd/vendor/laravel/framework/src/Illuminate/Cookie/Middleware/AddQueuedCookiesToResponse.php(36): Illuminate/Pipeline/Pipeline->{closure:{closure:Illuminate/Pipeline/Pipeline::carry():194}:195}(Object(Illuminate/Http/Request))
#21 C:/laragon/www/hrd/vendor/laravel/framework/src/Illuminate/Pipeline/Pipeline.php(219): Illuminate/Cookie/Middleware/AddQueuedCookiesToResponse->handle(Object(Illuminate/Http/Request), Object(Closure))
#22 C:/laragon/www/hrd/vendor/laravel/framework/src/Illuminate/Cookie/Middleware/EncryptCookies.php(74): Illuminate/Pipeline/Pipeline->{closure:{closure:Illuminate/Pipeline/Pipeline::carry():194}:195}(Object(Illuminate/Http/Request))
#23 C:/laragon/www/hrd/vendor/laravel/framework/src/Illuminate/Pipeline/Pipeline.php(219): Illuminate/Cookie/Middleware/EncryptCookies->handle(Object(Illuminate/Http/Request), Object(Closure))
#24 C:/laragon/www/hrd/vendor/laravel/framework/src/Illuminate/Pipeline/Pipeline.php(137): Illuminate/Pipeline/Pipeline->{closure:{closure:Illuminate/Pipeline/Pipeline::carry():194}:195}(Object(Illuminate/Http/Request))
#25 C:/laragon/www/hrd/vendor/laravel/framework/src/Illuminate/Routing/Router.php(821): Illuminate/Pipeline/Pipeline->then(Object(Closure))
#26 C:/laragon/www/hrd/vendor/laravel/framework/src/Illuminate/Routing/Router.php(800): Illuminate/Routing/Router->runRouteWithinStack(Object(Illuminate/Routing/Route), Object(Illuminate/Http/Request))
#27 C:/laragon/www/hrd/vendor/laravel/framework/src/Illuminate/Routing/Router.php(764): Illuminate/Routing/Router->runRoute(Object(Illuminate/Http/Request), Object(Illuminate/Routing/Route))
#28 C:/laragon/www/hrd/vendor/laravel/framework/src/Illuminate/Routing/Router.php(753): Illuminate/Routing/Router->dispatchToRoute(Object(Illuminate/Http/Request))
#29 C:/laragon/www/hrd/vendor/laravel/framework/src/Illuminate/Foundation/Http/Kernel.php(200): Illuminate/Routing/Router->dispatch(Object(Illuminate/Http/Request))
#30 C:/laragon/www/hrd/vendor/laravel/framework/src/Illuminate/Pipeline/Pipeline.php(180): Illuminate/Foundation/Http/Kernel->{closure:Illuminate/Foundation/Http/Kernel::dispatchToRouter():197}(Object(Illuminate/Http/Request))
#31 C:/laragon/www/hrd/vendor/laravel/framework/src/Illuminate/Foundation/Http/Middleware/TransformsRequest.php(21): Illuminate/Pipeline/Pipeline->{closure:Illuminate/Pipeline/Pipeline::prepareDestination():178}(Object(Illuminate/Http/Request))
#32 C:/laragon/www/hrd/vendor/laravel/framework/src/Illuminate/Foundation/Http/Middleware/ConvertEmptyStringsToNull.php(31): Illuminate/Foundation/Http/Middleware/TransformsRequest->handle(Object(Illuminate/Http/Request), Object(Closure))
#33 C:/laragon/www/hrd/vendor/laravel/framework/src/Illuminate/Pipeline/Pipeline.php(219): Illuminate/Foundation/Http/Middleware/ConvertEmptyStringsToNull->handle(Object(Illuminate/Http/Request), Object(Closure))
#34 C:/laragon/www/hrd/vendor/laravel/framework/src/Illuminate/Foundation/Http/Middleware/TransformsRequest.php(21): Illuminate/Pipeline/Pipeline->{closure:{closure:Illuminate/Pipeline/Pipeline::carry():194}:195}(Object(Illuminate/Http/Request))
#35 C:/laragon/www/hrd/vendor/laravel/framework/src/Illuminate/Foundation/Http/Middleware/TrimStrings.php(51): Illuminate/Foundation/Http/Middleware/TransformsRequest->handle(Object(Illuminate/Http/Request), Object(Closure))
#36 C:/laragon/www/hrd/vendor/laravel/framework/src/Illuminate/Pipeline/Pipeline.php(219): Illuminate/Foundation/Http/Middleware/TrimStrings->handle(Object(Illuminate/Http/Request), Object(Closure))
#37 C:/laragon/www/hrd/vendor/laravel/framework/src/Illuminate/Http/Middleware/ValidatePostSize.php(27): Illuminate/Pipeline/Pipeline->{closure:{closure:Illuminate/Pipeline/Pipeline::carry():194}:195}(Object(Illuminate/Http/Request))
#38 C:/laragon/www/hrd/vendor/laravel/framework/src/Illuminate/Pipeline/Pipeline.php(219): Illuminate/Http/Middleware/ValidatePostSize->handle(Object(Illuminate/Http/Request), Object(Closure))
#39 C:/laragon/www/hrd/vendor/laravel/framework/src/Illuminate/Foundation/Http/Middleware/PreventRequestsDuringMaintenance.php(109): Illuminate/Pipeline/Pipeline->{closure:{closure:Illuminate/Pipeline/Pipeline::carry():194}:195}(Object(Illuminate/Http/Request))
#40 C:/laragon/www/hrd/vendor/laravel/framework/src/Illuminate/Pipeline/Pipeline.php(219): Illuminate/Foundation/Http/Middleware/PreventRequestsDuringMaintenance->handle(Object(Illuminate/Http/Request), Object(Closure))
#41 C:/laragon/www/hrd/vendor/laravel/framework/src/Illuminate/Http/Middleware/HandleCors.php(61): Illuminate/Pipeline/Pipeline->{closure:{closure:Illuminate/Pipeline/Pipeline::carry():194}:195}(Object(Illuminate/Http/Request))
#42 C:/laragon/www/hrd/vendor/laravel/framework/src/Illuminate/Pipeline/Pipeline.php(219): Illuminate/Http/Middleware/HandleCors->handle(Object(Illuminate/Http/Request), Object(Closure))
#43 C:/laragon/www/hrd/vendor/laravel/framework/src/Illuminate/Http/Middleware/TrustProxies.php(58): Illuminate/Pipeline/Pipeline->{closure:{closure:Illuminate/Pipeline/Pipeline::carry():194}:195}(Object(Illuminate/Http/Request))
#44 C:/laragon/www/hrd/vendor/laravel/framework/src/Illuminate/Pipeline/Pipeline.php(219): Illuminate/Http/Middleware/TrustProxies->handle(Object(Illuminate/Http/Request), Object(Closure))
#45 C:/laragon/www/hrd/vendor/laravel/framework/src/Illuminate/Foundation/Http/Middleware/InvokeDeferredCallbacks.php(22): Illuminate/Pipeline/Pipeline->{closure:{closure:Illuminate/Pipeline/Pipeline::carry():194}:195}(Object(Illuminate/Http/Request))
#46 C:/laragon/www/hrd/vendor/laravel/framework/src/Illuminate/Pipeline/Pipeline.php(219): Illuminate/Foundation/Http/Middleware/InvokeDeferredCallbacks->handle(Object(Illuminate/Http/Request), Object(Closure))
#47 C:/laragon/www/hrd/vendor/laravel/framework/src/Illuminate/Http/Middleware/ValidatePathEncoding.php(26): Illuminate/Pipeline/Pipeline->{closure:{closure:Illuminate/Pipeline/Pipeline::carry():194}:195}(Object(Illuminate/Http/Request))
#48 C:/laragon/www/hrd/vendor/laravel/framework/src/Illuminate/Pipeline/Pipeline.php(219): Illuminate/Http/Middleware/ValidatePathEncoding->handle(Object(Illuminate/Http/Request), Object(Closure))
#49 C:/laragon/www/hrd/vendor/laravel/framework/src/Illuminate/Pipeline/Pipeline.php(137): Illuminate/Pipeline/Pipeline->{closure:{closure:Illuminate/Pipeline/Pipeline::carry():194}:195}(Object(Illuminate/Http/Request))
#50 C:/laragon/www/hrd/vendor/laravel/framework/src/Illuminate/Foundation/Http/Kernel.php(175): Illuminate/Pipeline/Pipeline->then(Object(Closure))
#51 C:/laragon/www/hrd/vendor/laravel/framework/src/Illuminate/Foundation/Http/Kernel.php(144): Illuminate/Foundation/Http/Kernel->sendRequestThroughRouter(Object(Illuminate/Http/Request))
#52 C:/laragon/www/hrd/vendor/laravel/framework/src/Illuminate/Foundation/Application.php(1220): Illuminate/Foundation/Http/Kernel->handle(Object(Illuminate/Http/Request))
#53 C:/laragon/www/hrd/public/index.php(20): Illuminate/Foundation/Application->handleRequest(Object(Illuminate/Http/Request))
#54 C:/laragon/www/hrd/vendor/laravel/framework/src/Illuminate/Foundation/resources/server.php(23): require_once('C://laragon//www//...')
#55 {main}

[previous exception] [object] (ParseError(code: 0): syntax error, unexpected single-quoted string \"); ?>\" />
\", expecting \")\" at C:/laragon/www/hrd/storage/framework/views/a4364759d74f5acac7a3493e61e3397e.php:200)
[stacktrace]
#0 C:/laragon/www/hrd/vendor/laravel/framework/src/Illuminate/Filesystem/Filesystem.php(124): Illuminate/Filesystem/Filesystem::{closure:Illuminate/Filesystem/Filesystem::getRequire():120}()
#1 C:/laragon/www/hrd/vendor/laravel/framework/src/Illuminate/View/Engines/PhpEngine.php(57): Illuminate/Filesystem/Filesystem->getRequire('C://laragon//www//...', Array)
#2 C:/laragon/www/hrd/vendor/laravel/framework/src/Illuminate/View/Engines/CompilerEngine.php(76): Illuminate/View/Engines/PhpEngine->evaluatePath('C://laragon//www//...', Array)
#3 C:/laragon/www/hrd/vendor/laravel/framework/src/Illuminate/View/View.php(208): Illuminate/View/Engines/CompilerEngine->get('C://laragon//www//...', Array)
#4 C:/laragon/www/hrd/vendor/laravel/framework/src/Illuminate/View/View.php(191): Illuminate/View/View->getContents()
#5 C:/laragon/www/hrd/vendor/laravel/framework/src/Illuminate/View/View.php(160): Illuminate/View/View->renderContents()
#6 C:/laragon/www/hrd/vendor/laravel/framework/src/Illuminate/Http/Response.php(78): Illuminate/View/View->render()
#7 C:/laragon/www/hrd/vendor/laravel/framework/src/Illuminate/Http/Response.php(34): Illuminate/Http/Response->setContent(Object(Illuminate/View/View))
#8 C:/laragon/www/hrd/vendor/laravel/framework/src/Illuminate/Routing/Router.php(939): Illuminate/Http/Response->__construct(Object(Illuminate/View/View), 200, Array)
#9 C:/laragon/www/hrd/vendor/laravel/framework/src/Illuminate/Routing/Router.php(906): Illuminate/Routing/Router::toResponse(Object(Illuminate/Http/Request), Object(Illuminate/View/View))
#10 C:/laragon/www/hrd/vendor/laravel/framework/src/Illuminate/Routing/Router.php(821): Illuminate/Routing/Router->prepareResponse(Object(Illuminate/Http/Request), Object(Illuminate/View/View))
#11 C:/laragon/www/hrd/vendor/laravel/framework/src/Illuminate/Pipeline/Pipeline.php(180): Illuminate/Routing/Router->{closure:Illuminate/Routing/Router::runRouteWithinStack():821}(Object(Illuminate/Http/Request))
#12 C:/laragon/www/hrd/vendor/laravel/framework/src/Illuminate/Routing/Middleware/SubstituteBindings.php(50): Illuminate/Pipeline/Pipeline->{closure:Illuminate/Pipeline/Pipeline::prepareDestination():178}(Object(Illuminate/Http/Request))
#13 C:/laragon/www/hrd/vendor/laravel/framework/src/Illuminate/Pipeline/Pipeline.php(219): Illuminate/Routing/Middleware/SubstituteBindings->handle(Object(Illuminate/Http/Request), Object(Closure))
#14 C:/laragon/www/hrd/vendor/laravel/framework/src/Illuminate/Foundation/Http/Middleware/VerifyCsrfToken.php(87): Illuminate/Pipeline/Pipeline->{closure:{closure:Illuminate/Pipeline/Pipeline::carry():194}:195}(Object(Illuminate/Http/Request))
#15 C:/laragon/www/hrd/vendor/laravel/framework/src/Illuminate/Pipeline/Pipeline.php(219): Illuminate/Foundation/Http/Middleware/VerifyCsrfToken->handle(Object(Illuminate/Http/Request), Object(Closure))
#16 C:/laragon/www/hrd/vendor/laravel/framework/src/Illuminate/View/Middleware/ShareErrorsFromSession.php(48): Illuminate/Pipeline/Pipeline->{closure:{closure:Illuminate/Pipeline/Pipeline::carry():194}:195}(Object(Illuminate/Http/Request))
#17 C:/laragon/www/hrd/vendor/laravel/framework/src/Illuminate/Pipeline/Pipeline.php(219): Illuminate/View/Middleware/ShareErrorsFromSession->handle(Object(Illuminate/Http/Request), Object(Closure))
#18 C:/laragon/www/hrd/vendor/laravel/framework/src/Illuminate/Session/Middleware/StartSession.php(120): Illuminate/Pipeline/Pipeline->{closure:{closure:Illuminate/Pipeline/Pipeline::carry():194}:195}(Object(Illuminate/Http/Request))
#19 C:/laragon/www/hrd/vendor/laravel/framework/src/Illuminate/Session/Middleware/StartSession.php(63): Illuminate/Session/Middleware/StartSession->handleStatefulRequest(Object(Illuminate/Http/Request), Object(Illuminate/Session/Store), Object(Closure))
#20 C:/laragon/www/hrd/vendor/laravel/framework/src/Illuminate/Pipeline/Pipeline.php(219): Illuminate/Session/Middleware/StartSession->handle(Object(Illuminate/Http/Request), Object(Closure))
#21 C:/laragon/www/hrd/vendor/laravel/framework/src/Illuminate/Cookie/Middleware/AddQueuedCookiesToResponse.php(36): Illuminate/Pipeline/Pipeline->{closure:{closure:Illuminate/Pipeline/Pipeline::carry():194}:195}(Object(Illuminate/Http/Request))
#22 C:/laragon/www/hrd/vendor/laravel/framework/src/Illuminate/Pipeline/Pipeline.php(219): Illuminate/Cookie/Middleware/AddQueuedCookiesToResponse->handle(Object(Illuminate/Http/Request), Object(Closure))
#23 C:/laragon/www/hrd/vendor/laravel/framework/src/Illuminate/Cookie/Middleware/EncryptCookies.php(74): Illuminate/Pipeline/Pipeline->{closure:{closure:Illuminate/Pipeline/Pipeline::carry():194}:195}(Object(Illuminate/Http/Request))
#24 C:/laragon/www/hrd/vendor/laravel/framework/src/Illuminate/Pipeline/Pipeline.php(219): Illuminate/Cookie/Middleware/EncryptCookies->handle(Object(Illuminate/Http/Request), Object(Closure))
#25 C:/laragon/www/hrd/vendor/laravel/framework/src/Illuminate/Pipeline/Pipeline.php(137): Illuminate/Pipeline/Pipeline->{closure:{closure:Illuminate/Pipeline/Pipeline::carry():194}:195}(Object(Illuminate/Http/Request))
#26 C:/laragon/www/hrd/vendor/laravel/framework/src/Illuminate/Routing/Router.php(821): Illuminate/Pipeline/Pipeline->then(Object(Closure))
#27 C:/laragon/www/hrd/vendor/laravel/framework/src/Illuminate/Routing/Router.php(800): Illuminate/Routing/Router->runRouteWithinStack(Object(Illuminate/Routing/Route), Object(Illuminate/Http/Request))
#28 C:/laragon/www/hrd/vendor/laravel/framework/src/Illuminate/Routing/Router.php(764): Illuminate/Routing/Router->runRoute(Object(Illuminate/Http/Request), Object(Illuminate/Routing/Route))
#29 C:/laragon/www/hrd/vendor/laravel/framework/src/Illuminate/Routing/Router.php(753): Illuminate/Routing/Router->dispatchToRoute(Object(Illuminate/Http/Request))
#30 C:/laragon/www/hrd/vendor/laravel/framework/src/Illuminate/Foundation/Http/Kernel.php(200): Illuminate/Routing/Router->dispatch(Object(Illuminate/Http/Request))
#31 C:/laragon/www/hrd/vendor/laravel/framework/src/Illuminate/Pipeline/Pipeline.php(180): Illuminate/Foundation/Http/Kernel->{closure:Illuminate/Foundation/Http/Kernel::dispatchToRouter():197}(Object(Illuminate/Http/Request))
#32 C:/laragon/www/hrd/vendor/laravel/framework/src/Illuminate/Foundation/Http/Middleware/TransformsRequest.php(21): Illuminate/Pipeline/Pipeline->{closure:Illuminate/Pipeline/Pipeline::prepareDestination():178}(Object(Illuminate/Http/Request))
#33 C:/laragon/www/hrd/vendor/laravel/framework/src/Illuminate/Foundation/Http/Middleware/ConvertEmptyStringsToNull.php(31): Illuminate/Foundation/Http/Middleware/TransformsRequest->handle(Object(Illuminate/Http/Request), Object(Closure))
#34 C:/laragon/www/hrd/vendor/laravel/framework/src/Illuminate/Pipeline/Pipeline.php(219): Illuminate/Foundation/Http/Middleware/ConvertEmptyStringsToNull->handle(Object(Illuminate/Http/Request), Object(Closure))
#35 C:/laragon/www/hrd/vendor/laravel/framework/src/Illuminate/Foundation/Http/Middleware/TransformsRequest.php(21): Illuminate/Pipeline/Pipeline->{closure:{closure:Illuminate/Pipeline/Pipeline::carry():194}:195}(Object(Illuminate/Http/Request))
#36 C:/laragon/www/hrd/vendor/laravel/framework/src/Illuminate/Foundation/Http/Middleware/TrimStrings.php(51): Illuminate/Foundation/Http/Middleware/TransformsRequest->handle(Object(Illuminate/Http/Request), Object(Closure))
#37 C:/laragon/www/hrd/vendor/laravel/framework/src/Illuminate/Pipeline/Pipeline.php(219): Illuminate/Foundation/Http/Middleware/TrimStrings->handle(Object(Illuminate/Http/Request), Object(Closure))
#38 C:/laragon/www/hrd/vendor/laravel/framework/src/Illuminate/Http/Middleware/ValidatePostSize.php(27): Illuminate/Pipeline/Pipeline->{closure:{closure:Illuminate/Pipeline/Pipeline::carry():194}:195}(Object(Illuminate/Http/Request))
#39 C:/laragon/www/hrd/vendor/laravel/framework/src/Illuminate/Pipeline/Pipeline.php(219): Illuminate/Http/Middleware/ValidatePostSize->handle(Object(Illuminate/Http/Request), Object(Closure))
#40 C:/laragon/www/hrd/vendor/laravel/framework/src/Illuminate/Foundation/Http/Middleware/PreventRequestsDuringMaintenance.php(109): Illuminate/Pipeline/Pipeline->{closure:{closure:Illuminate/Pipeline/Pipeline::carry():194}:195}(Object(Illuminate/Http/Request))
#41 C:/laragon/www/hrd/vendor/laravel/framework/src/Illuminate/Pipeline/Pipeline.php(219): Illuminate/Foundation/Http/Middleware/PreventRequestsDuringMaintenance->handle(Object(Illuminate/Http/Request), Object(Closure))
#42 C:/laragon/www/hrd/vendor/laravel/framework/src/Illuminate/Http/Middleware/HandleCors.php(61): Illuminate/Pipeline/Pipeline->{closure:{closure:Illuminate/Pipeline/Pipeline::carry():194}:195}(Object(Illuminate/Http/Request))
#43 C:/laragon/www/hrd/vendor/laravel/framework/src/Illuminate/Pipeline/Pipeline.php(219): Illuminate/Http/Middleware/HandleCors->handle(Object(Illuminate/Http/Request), Object(Closure))
#44 C:/laragon/www/hrd/vendor/laravel/framework/src/Illuminate/Http/Middleware/TrustProxies.php(58): Illuminate/Pipeline/Pipeline->{closure:{closure:Illuminate/Pipeline/Pipeline::carry():194}:195}(Object(Illuminate/Http/Request))
#45 C:/laragon/www/hrd/vendor/laravel/framework/src/Illuminate/Pipeline/Pipeline.php(219): Illuminate/Http/Middleware/TrustProxies->handle(Object(Illuminate/Http/Request), Object(Closure))
#46 C:/laragon/www/hrd/vendor/laravel/framework/src/Illuminate/Foundation/Http/Middleware/InvokeDeferredCallbacks.php(22): Illuminate/Pipeline/Pipeline->{closure:{closure:Illuminate/Pipeline/Pipeline::carry():194}:195}(Object(Illuminate/Http/Request))
#47 C:/laragon/www/hrd/vendor/laravel/framework/src/Illuminate/Pipeline/Pipeline.php(219): Illuminate/Foundation/Http/Middleware/InvokeDeferredCallbacks->handle(Object(Illuminate/Http/Request), Object(Closure))
#48 C:/laragon/www/hrd/vendor/laravel/framework/src/Illuminate/Http/Middleware/ValidatePathEncoding.php(26): Illuminate/Pipeline/Pipeline->{closure:{closure:Illuminate/Pipeline/Pipeline::carry():194}:195}(Object(Illuminate/Http/Request))
#49 C:/laragon/www/hrd/vendor/laravel/framework/src/Illuminate/Pipeline/Pipeline.php(219): Illuminate/Http/Middleware/ValidatePathEncoding->handle(Object(Illuminate/Http/Request), Object(Closure))
#50 C:/laragon/www/hrd/vendor/laravel/framework/src/Illuminate/Pipeline/Pipeline.php(137): Illuminate/Pipeline/Pipeline->{closure:{closure:Illuminate/Pipeline/Pipeline::carry():194}:195}(Object(Illuminate/Http/Request))
#51 C:/laragon/www/hrd/vendor/laravel/framework/src/Illuminate/Foundation/Http/Kernel.php(175): Illuminate/Pipeline/Pipeline->then(Object(Closure))
#52 C:/laragon/www/hrd/vendor/laravel/framework/src/Illuminate/Foundation/Http/Kernel.php(144): Illuminate/Foundation/Http/Kernel->sendRequestThroughRouter(Object(Illuminate/Http/Request))
#53 C:/laragon/www/hrd/vendor/laravel/framework/src/Illuminate/Foundation/Application.php(1220): Illuminate/Foundation/Http/Kernel->handle(Object(Illuminate/Http/Request))
#54 C:/laragon/www/hrd/public/index.php(20): Illuminate/Foundation/Application->handleRequest(Object(Illuminate/Http/Request))
#55 C:/laragon/www/hrd/vendor/laravel/framework/src/Illuminate/Foundation/resources/server.php(23): require_once('C://laragon//www//...')
#56 {main}
"} 
[2026-09-04 01:17:34] local.ERROR: syntax error, unexpected single-quoted string "); ?>" />", expecting ")" (View: C:\laragon\www\hrd\resources\views\auth\login.blade.php) {"exception":"[object] (Illuminate\\View\\ViewException(code: 0): syntax error, unexpected single-quoted string \"); ?>\" />
\", expecting \")\" (View: C:\\laragon\\www\\hrd\\resources\\views\\auth\\login.blade.php) at C:/laragon/www/hrd/storage/framework/views/a4364759d74f5acac7a3493e61e3397e.php:200)
[stacktrace]
#0 C:/laragon/www/hrd/vendor/laravel/framework/src/Illuminate/View/Engines/PhpEngine.php(59): Illuminate/View/Engines/CompilerEngine->handleViewException(Object(ParseError), 1)
#1 C:/laragon/www/hrd/vendor/laravel/framework/src/Illuminate/View/Engines/CompilerEngine.php(76): Illuminate/View/Engines/PhpEngine->evaluatePath('C://laragon//www//...', Array)
#2 C:/laragon/www/hrd/vendor/laravel/framework/src/Illuminate/View/View.php(208): Illuminate/View/Engines/CompilerEngine->get('C://laragon//www//...', Array)
#3 C:/laragon/www/hrd/vendor/laravel/framework/src/Illuminate/View/View.php(191): Illuminate/View/View->getContents()
#4 C:/laragon/www/hrd/vendor/laravel/framework/src/Illuminate/View/View.php(160): Illuminate/View/View->renderContents()
#5 C:/laragon/www/hrd/vendor/laravel/framework/src/Illuminate/Http/Response.php(78): Illuminate/View/View->render()
#6 C:/laragon/www/hrd/vendor/laravel/framework/src/Illuminate/Http/Response.php(34): Illuminate/Http/Response->setContent(Object(Illuminate/View/View))
#7 C:/laragon/www/hrd/vendor/laravel/framework/src/Illuminate/Routing/Router.php(939): Illuminate/Http/Response->__construct(Object(Illuminate/View/View), 200, Array)
#8 C:/laragon/www/hrd/vendor/laravel/framework/src/Illuminate/Routing/Router.php(906): Illuminate/Routing/Router::toResponse(Object(Illuminate/Http/Request), Object(Illuminate/View/View))
#9 C:/laragon/www/hrd/vendor/laravel/framework/src/Illuminate/Routing/Router.php(821): Illuminate/Routing/Router->prepareResponse(Object(Illuminate/Http/Request), Object(Illuminate/View/View))
#10 C:/laragon/www/hrd/vendor/laravel/framework/src/Illuminate/Pipeline/Pipeline.php(180): Illuminate/Routing/Router->{closure:Illuminate/Routing/Router::runRouteWithinStack():821}(Object(Illuminate/Http/Request))
#11 C:/laragon/www/hrd/vendor/laravel/framework/src/Illuminate/Routing/Middleware/SubstituteBindings.php(50): Illuminate/Pipeline/Pipeline->{closure:Illuminate/Pipeline/Pipeline::prepareDestination():178}(Object(Illuminate/Http/Request))
#12 C:/laragon/www/hrd/vendor/laravel/framework/src/Illuminate/Pipeline/Pipeline.php(219): Illuminate/Routing/Middleware/SubstituteBindings->handle(Object(Illuminate/Http/Request), Object(Closure))
#13 C:/laragon/www/hrd/vendor/laravel/framework/src/Illuminate/Foundation/Http/Middleware/VerifyCsrfToken.php(87): Illuminate/Pipeline/Pipeline->{closure:{closure:Illuminate/Pipeline/Pipeline::carry():194}:195}(Object(Illuminate/Http/Request))
#14 C:/laragon/www/hrd/vendor/laravel/framework/src/Illuminate/Pipeline/Pipeline.php(219): Illuminate/Foundation/Http/Middleware/VerifyCsrfToken->handle(Object(Illuminate/Http/Request), Object(Closure))
#15 C:/laragon/www/hrd/vendor/laravel/framework/src/Illuminate/View/Middleware/ShareErrorsFromSession.php(48): Illuminate/Pipeline/Pipeline->{closure:{closure:Illuminate/Pipeline/Pipeline::carry():194}:195}(Object(Illuminate/Http/Request))
#16 C:/laragon/www/hrd/vendor/laravel/framework/src/Illuminate/Pipeline/Pipeline.php(219): Illuminate/View/Middleware/ShareErrorsFromSession->handle(Object(Illuminate/Http/Request), Object(Closure))
#17 C:/laragon/www/hrd/vendor/laravel/framework/src/Illuminate/Session/Middleware/StartSession.php(120): Illuminate/Pipeline/Pipeline->{closure:{closure:Illuminate/Pipeline/Pipeline::carry():194}:195}(Object(Illuminate/Http/Request))
#18 C:/laragon/www/hrd/vendor/laravel/framework/src/Illuminate/Session/Middleware/StartSession.php(63): Illuminate/Session/Middleware/StartSession->handleStatefulRequest(Object(Illuminate/Http/Request), Object(Illuminate/Session/Store), Object(Closure))
#19 C:/laragon/www/hrd/vendor/laravel/framework/src/Illuminate/Pipeline/Pipeline.php(219): Illuminate/Session/Middleware/StartSession->handle(Object(Illuminate/Http/Request), Object(Closure))
#20 C:/laragon/www/hrd/vendor/laravel/framework/src/Illuminate/Cookie/Middleware/AddQueuedCookiesToResponse.php(36): Illuminate/Pipeline/Pipeline->{closure:{closure:Illuminate/Pipeline/Pipeline::carry():194}:195}(Object(Illuminate/Http/Request))
#21 C:/laragon/www/hrd/vendor/laravel/framework/src/Illuminate/Pipeline/Pipeline.php(219): Illuminate/Cookie/Middleware/AddQueuedCookiesToResponse->handle(Object(Illuminate/Http/Request), Object(Closure))
#22 C:/laragon/www/hrd/vendor/laravel/framework/src/Illuminate/Cookie/Middleware/EncryptCookies.php(74): Illuminate/Pipeline/Pipeline->{closure:{closure:Illuminate/Pipeline/Pipeline::carry():194}:195}(Object(Illuminate/Http/Request))
#23 C:/laragon/www/hrd/vendor/laravel/framework/src/Illuminate/Pipeline/Pipeline.php(219): Illuminate/Cookie/Middleware/EncryptCookies->handle(Object(Illuminate/Http/Request), Object(Closure))
#24 C:/laragon/www/hrd/vendor/laravel/framework/src/Illuminate/Pipeline/Pipeline.php(137): Illuminate/Pipeline/Pipeline->{closure:{closure:Illuminate/Pipeline/Pipeline::carry():194}:195}(Object(Illuminate/Http/Request))
#25 C:/laragon/www/hrd/vendor/laravel/framework/src/Illuminate/Routing/Router.php(821): Illuminate/Pipeline/Pipeline->then(Object(Closure))
#26 C:/laragon/www/hrd/vendor/laravel/framework/src/Illuminate/Routing/Router.php(800): Illuminate/Routing/Router->runRouteWithinStack(Object(Illuminate/Routing/Route), Object(Illuminate/Http/Request))
#27 C:/laragon/www/hrd/vendor/laravel/framework/src/Illuminate/Routing/Router.php(764): Illuminate/Routing/Router->runRoute(Object(Illuminate/Http/Request), Object(Illuminate/Routing/Route))
#28 C:/laragon/www/hrd/vendor/laravel/framework/src/Illuminate/Routing/Router.php(753): Illuminate/Routing/Router->dispatchToRoute(Object(Illuminate/Http/Request))
#29 C:/laragon/www/hrd/vendor/laravel/framework/src/Illuminate/Foundation/Http/Kernel.php(200): Illuminate/Routing/Router->dispatch(Object(Illuminate/Http/Request))
#30 C:/laragon/www/hrd/vendor/laravel/framework/src/Illuminate/Pipeline/Pipeline.php(180): Illuminate/Foundation/Http/Kernel->{closure:Illuminate/Foundation/Http/Kernel::dispatchToRouter():197}(Object(Illuminate/Http/Request))
#31 C:/laragon/www/hrd/vendor/laravel/framework/src/Illuminate/Foundation/Http/Middleware/TransformsRequest.php(21): Illuminate/Pipeline/Pipeline->{closure:Illuminate/Pipeline/Pipeline::prepareDestination():178}(Object(Illuminate/Http/Request))
#32 C:/laragon/www/hrd/vendor/laravel/framework/src/Illuminate/Foundation/Http/Middleware/ConvertEmptyStringsToNull.php(31): Illuminate/Foundation/Http/Middleware/TransformsRequest->handle(Object(Illuminate/Http/Request), Object(Closure))
#33 C:/laragon/www/hrd/vendor/laravel/framework/src/Illuminate/Pipeline/Pipeline.php(219): Illuminate/Foundation/Http/Middleware/ConvertEmptyStringsToNull->handle(Object(Illuminate/Http/Request), Object(Closure))
#34 C:/laragon/www/hrd/vendor/laravel/framework/src/Illuminate/Foundation/Http/Middleware/TransformsRequest.php(21): Illuminate/Pipeline/Pipeline->{closure:{closure:Illuminate/Pipeline/Pipeline::carry():194}:195}(Object(Illuminate/Http/Request))
#35 C:/laragon/www/hrd/vendor/laravel/framework/src/Illuminate/Foundation/Http/Middleware/TrimStrings.php(51): Illuminate/Foundation/Http/Middleware/TransformsRequest->handle(Object(Illuminate/Http/Request), Object(Closure))
#36 C:/laragon/www/hrd/vendor/laravel/framework/src/Illuminate/Pipeline/Pipeline.php(219): Illuminate/Foundation/Http/Middleware/TrimStrings->handle(Object(Illuminate/Http/Request), Object(Closure))
#37 C:/laragon/www/hrd/vendor/laravel/framework/src/Illuminate/Http/Middleware/ValidatePostSize.php(27): Illuminate/Pipeline/Pipeline->{closure:{closure:Illuminate/Pipeline/Pipeline::carry():194}:195}(Object(Illuminate/Http/Request))
#38 C:/laragon/www/hrd/vendor/laravel/framework/src/Illuminate/Pipeline/Pipeline.php(219): Illuminate/Http/Middleware/ValidatePostSize->handle(Object(Illuminate/Http/Request), Object(Closure))
#39 C:/laragon/www/hrd/vendor/laravel/framework/src/Illuminate/Foundation/Http/Middleware/PreventRequestsDuringMaintenance.php(109): Illuminate/Pipeline/Pipeline->{closure:{closure:Illuminate/Pipeline/Pipeline::carry():194}:195}(Object(Illuminate/Http/Request))
#40 C:/laragon/www/hrd/vendor/laravel/framework/src/Illuminate/Pipeline/Pipeline.php(219): Illuminate/Foundation/Http/Middleware/PreventRequestsDuringMaintenance->handle(Object(Illuminate/Http/Request), Object(Closure))
#41 C:/laragon/www/hrd/vendor/laravel/framework/src/Illuminate/Http/Middleware/HandleCors.php(61): Illuminate/Pipeline/Pipeline->{closure:{closure:Illuminate/Pipeline/Pipeline::carry():194}:195}(Object(Illuminate/Http/Request))
#42 C:/laragon/www/hrd/vendor/laravel/framework/src/Illuminate/Pipeline/Pipeline.php(219): Illuminate/Http/Middleware/HandleCors->handle(Object(Illuminate/Http/Request), Object(Closure))
#43 C:/laragon/www/hrd/vendor/laravel/framework/src/Illuminate/Http/Middleware/TrustProxies.php(58): Illuminate/Pipeline/Pipeline->{closure:{closure:Illuminate/Pipeline/Pipeline::carry():194}:195}(Object(Illuminate/Http/Request))
#44 C:/laragon/www/hrd/vendor/laravel/framework/src/Illuminate/Pipeline/Pipeline.php(219): Illuminate/Http/Middleware/TrustProxies->handle(Object(Illuminate/Http/Request), Object(Closure))
#45 C:/laragon/www/hrd/vendor/laravel/framework/src/Illuminate/Foundation/Http/Middleware/InvokeDeferredCallbacks.php(22): Illuminate/Pipeline/Pipeline->{closure:{closure:Illuminate/Pipeline/Pipeline::carry():194}:195}(Object(Illuminate/Http/Request))
#46 C:/laragon/www/hrd/vendor/laravel/framework/src/Illuminate/Pipeline/Pipeline.php(219): Illuminate/Foundation/Http/Middleware/InvokeDeferredCallbacks->handle(Object(Illuminate/Http/Request), Object(Closure))
#47 C:/laragon/www/hrd/vendor/laravel/framework/src/Illuminate/Http/Middleware/ValidatePathEncoding.php(26): Illuminate/Pipeline/Pipeline->{closure:{closure:Illuminate/Pipeline/Pipeline::carry():194}:195}(Object(Illuminate/Http/Request))
#48 C:/laragon/www/hrd/vendor/laravel/framework/src/Illuminate/Pipeline/Pipeline.php(219): Illuminate/Http/Middleware/ValidatePathEncoding->handle(Object(Illuminate/Http/Request), Object(Closure))
#49 C:/laragon/www/hrd/vendor/laravel/framework/src/Illuminate/Pipeline/Pipeline.php(137): Illuminate/Pipeline/Pipeline->{closure:{closure:Illuminate/Pipeline/Pipeline::carry():194}:195}(Object(Illuminate/Http/Request))
#50 C:/laragon/www/hrd/vendor/laravel/framework/src/Illuminate/Foundation/Http/Kernel.php(175): Illuminate/Pipeline/Pipeline->then(Object(Closure))
#51 C:/laragon/www/hrd/vendor/laravel/framework/src/Illuminate/Foundation/Http/Kernel.php(144): Illuminate/Foundation/Http/Kernel->sendRequestThroughRouter(Object(Illuminate/Http/Request))
#52 C:/laragon/www/hrd/vendor/laravel/framework/src/Illuminate/Foundation/Application.php(1220): Illuminate/Foundation/Http/Kernel->handle(Object(Illuminate/Http/Request))
#53 C:/laragon/www/hrd/public/index.php(20): Illuminate/Foundation/Application->handleRequest(Object(Illuminate/Http/Request))
#54 C:/laragon/www/hrd/vendor/laravel/framework/src/Illuminate/Foundation/resources/server.php(23): require_once('C://laragon//www//...')
#55 {main}

[previous exception] [object] (ParseError(code: 0): syntax error, unexpected single-quoted string \"); ?>\" />
\", expecting \")\" at C:/laragon/www/hrd/storage/framework/views/a4364759d74f5acac7a3493e61e3397e.php:200)
[stacktrace]
#0 C:/laragon/www/hrd/vendor/laravel/framework/src/Illuminate/Filesystem/Filesystem.php(124): Illuminate/Filesystem/Filesystem::{closure:Illuminate/Filesystem/Filesystem::getRequire():120}()
#1 C:/laragon/www/hrd/vendor/laravel/framework/src/Illuminate/View/Engines/PhpEngine.php(57): Illuminate/Filesystem/Filesystem->getRequire('C://laragon//www//...', Array)
#2 C:/laragon/www/hrd/vendor/laravel/framework/src/Illuminate/View/Engines/CompilerEngine.php(76): Illuminate/View/Engines/PhpEngine->evaluatePath('C://laragon//www//...', Array)
#3 C:/laragon/www/hrd/vendor/laravel/framework/src/Illuminate/View/View.php(208): Illuminate/View/Engines/CompilerEngine->get('C://laragon//www//...', Array)
#4 C:/laragon/www/hrd/vendor/laravel/framework/src/Illuminate/View/View.php(191): Illuminate/View/View->getContents()
#5 C:/laragon/www/hrd/vendor/laravel/framework/src/Illuminate/View/View.php(160): Illuminate/View/View->renderContents()
#6 C:/laragon/www/hrd/vendor/laravel/framework/src/Illuminate/Http/Response.php(78): Illuminate/View/View->render()
#7 C:/laragon/www/hrd/vendor/laravel/framework/src/Illuminate/Http/Response.php(34): Illuminate/Http/Response->setContent(Object(Illuminate/View/View))
#8 C:/laragon/www/hrd/vendor/laravel/framework/src/Illuminate/Routing/Router.php(939): Illuminate/Http/Response->__construct(Object(Illuminate/View/View), 200, Array)
#9 C:/laragon/www/hrd/vendor/laravel/framework/src/Illuminate/Routing/Router.php(906): Illuminate/Routing/Router::toResponse(Object(Illuminate/Http/Request), Object(Illuminate/View/View))
#10 C:/laragon/www/hrd/vendor/laravel/framework/src/Illuminate/Routing/Router.php(821): Illuminate/Routing/Router->prepareResponse(Object(Illuminate/Http/Request), Object(Illuminate/View/View))
#11 C:/laragon/www/hrd/vendor/laravel/framework/src/Illuminate/Pipeline/Pipeline.php(180): Illuminate/Routing/Router->{closure:Illuminate/Routing/Router::runRouteWithinStack():821}(Object(Illuminate/Http/Request))
#12 C:/laragon/www/hrd/vendor/laravel/framework/src/Illuminate/Routing/Middleware/SubstituteBindings.php(50): Illuminate/Pipeline/Pipeline->{closure:Illuminate/Pipeline/Pipeline::prepareDestination():178}(Object(Illuminate/Http/Request))
#13 C:/laragon/www/hrd/vendor/laravel/framework/src/Illuminate/Pipeline/Pipeline.php(219): Illuminate/Routing/Middleware/SubstituteBindings->handle(Object(Illuminate/Http/Request), Object(Closure))
#14 C:/laragon/www/hrd/vendor/laravel/framework/src/Illuminate/Foundation/Http/Middleware/VerifyCsrfToken.php(87): Illuminate/Pipeline/Pipeline->{closure:{closure:Illuminate/Pipeline/Pipeline::carry():194}:195}(Object(Illuminate/Http/Request))
#15 C:/laragon/www/hrd/vendor/laravel/framework/src/Illuminate/Pipeline/Pipeline.php(219): Illuminate/Foundation/Http/Middleware/VerifyCsrfToken->handle(Object(Illuminate/Http/Request), Object(Closure))
#16 C:/laragon/www/hrd/vendor/laravel/framework/src/Illuminate/View/Middleware/ShareErrorsFromSession.php(48): Illuminate/Pipeline/Pipeline->{closure:{closure:Illuminate/Pipeline/Pipeline::carry():194}:195}(Object(Illuminate/Http/Request))
#17 C:/laragon/www/hrd/vendor/laravel/framework/src/Illuminate/Pipeline/Pipeline.php(219): Illuminate/View/Middleware/ShareErrorsFromSession->handle(Object(Illuminate/Http/Request), Object(Closure))
#18 C:/laragon/www/hrd/vendor/laravel/framework/src/Illuminate/Session/Middleware/StartSession.php(120): Illuminate/Pipeline/Pipeline->{closure:{closure:Illuminate/Pipeline/Pipeline::carry():194}:195}(Object(Illuminate/Http/Request))
#19 C:/laragon/www/hrd/vendor/laravel/framework/src/Illuminate/Session/Middleware/StartSession.php(63): Illuminate/Session/Middleware/StartSession->handleStatefulRequest(Object(Illuminate/Http/Request), Object(Illuminate/Session/Store), Object(Closure))
#20 C:/laragon/www/hrd/vendor/laravel/framework/src/Illuminate/Pipeline/Pipeline.php(219): Illuminate/Session/Middleware/StartSession->handle(Object(Illuminate/Http/Request), Object(Closure))
#21 C:/laragon/www/hrd/vendor/laravel/framework/src/Illuminate/Cookie/Middleware/AddQueuedCookiesToResponse.php(36): Illuminate/Pipeline/Pipeline->{closure:{closure:Illuminate/Pipeline/Pipeline::carry():194}:195}(Object(Illuminate/Http/Request))
#22 C:/laragon/www/hrd/vendor/laravel/framework/src/Illuminate/Pipeline/Pipeline.php(219): Illuminate/Cookie/Middleware/AddQueuedCookiesToResponse->handle(Object(Illuminate/Http/Request), Object(Closure))
#23 C:/laragon/www/hrd/vendor/laravel/framework/src/Illuminate/Cookie/Middleware/EncryptCookies.php(74): Illuminate/Pipeline/Pipeline->{closure:{closure:Illuminate/Pipeline/Pipeline::carry():194}:195}(Object(Illuminate/Http/Request))
#24 C:/laragon/www/hrd/vendor/laravel/framework/src/Illuminate/Pipeline/Pipeline.php(219): Illuminate/Cookie/Middleware/EncryptCookies->handle(Object(Illuminate/Http/Request), Object(Closure))
#25 C:/laragon/www/hrd/vendor/laravel/framework/src/Illuminate/Pipeline/Pipeline.php(137): Illuminate/Pipeline/Pipeline->{closure:{closure:Illuminate/Pipeline/Pipeline::carry():194}:195}(Object(Illuminate/Http/Request))
#26 C:/laragon/www/hrd/vendor/laravel/framework/src/Illuminate/Routing/Router.php(821): Illuminate/Pipeline/Pipeline->then(Object(Closure))
#27 C:/laragon/www/hrd/vendor/laravel/framework/src/Illuminate/Routing/Router.php(800): Illuminate/Routing/Router->runRouteWithinStack(Object(Illuminate/Routing/Route), Object(Illuminate/Http/Request))
#28 C:/laragon/www/hrd/vendor/laravel/framework/src/Illuminate/Routing/Router.php(764): Illuminate/Routing/Router->runRoute(Object(Illuminate/Http/Request), Object(Illuminate/Routing/Route))
#29 C:/laragon/www/hrd/vendor/laravel/framework/src/Illuminate/Routing/Router.php(753): Illuminate/Routing/Router->dispatchToRoute(Object(Illuminate/Http/Request))
#30 C:/laragon/www/hrd/vendor/laravel/framework/src/Illuminate/Foundation/Http/Kernel.php(200): Illuminate/Routing/Router->dispatch(Object(Illuminate/Http/Request))
#31 C:/laragon/www/hrd/vendor/laravel/framework/src/Illuminate/Pipeline/Pipeline.php(180): Illuminate/Foundation/Http/Kernel->{closure:Illuminate/Foundation/Http/Kernel::dispatchToRouter():197}(Object(Illuminate/Http/Request))
#32 C:/laragon/www/hrd/vendor/laravel/framework/src/Illuminate/Foundation/Http/Middleware/TransformsRequest.php(21): Illuminate/Pipeline/Pipeline->{closure:Illuminate/Pipeline/Pipeline::prepareDestination():178}(Object(Illuminate/Http/Request))
#33 C:/laragon/www/hrd/vendor/laravel/framework/src/Illuminate/Foundation/Http/Middleware/ConvertEmptyStringsToNull.php(31): Illuminate/Foundation/Http/Middleware/TransformsRequest->handle(Object(Illuminate/Http/Request), Object(Closure))
#34 C:/laragon/www/hrd/vendor/laravel/framework/src/Illuminate/Pipeline/Pipeline.php(219): Illuminate/Foundation/Http/Middleware/ConvertEmptyStringsToNull->handle(Object(Illuminate/Http/Request), Object(Closure))
#35 C:/laragon/www/hrd/vendor/laravel/framework/src/Illuminate/Foundation/Http/Middleware/TransformsRequest.php(21): Illuminate/Pipeline/Pipeline->{closure:{closure:Illuminate/Pipeline/Pipeline::carry():194}:195}(Object(Illuminate/Http/Request))
#36 C:/laragon/www/hrd/vendor/laravel/framework/src/Illuminate/Foundation/Http/Middleware/TrimStrings.php(51): Illuminate/Foundation/Http/Middleware/TransformsRequest->handle(Object(Illuminate/Http/Request), Object(Closure))
#37 C:/laragon/www/hrd/vendor/laravel/framework/src/Illuminate/Pipeline/Pipeline.php(219): Illuminate/Foundation/Http/Middleware/TrimStrings->handle(Object(Illuminate/Http/Request), Object(Closure))
#38 C:/laragon/www/hrd/vendor/laravel/framework/src/Illuminate/Http/Middleware/ValidatePostSize.php(27): Illuminate/Pipeline/Pipeline->{closure:{closure:Illuminate/Pipeline/Pipeline::carry():194}:195}(Object(Illuminate/Http/Request))
#39 C:/laragon/www/hrd/vendor/laravel/framework/src/Illuminate/Pipeline/Pipeline.php(219): Illuminate/Http/Middleware/ValidatePostSize->handle(Object(Illuminate/Http/Request), Object(Closure))
#40 C:/laragon/www/hrd/vendor/laravel/framework/src/Illuminate/Foundation/Http/Middleware/PreventRequestsDuringMaintenance.php(109): Illuminate/Pipeline/Pipeline->{closure:{closure:Illuminate/Pipeline/Pipeline::carry():194}:195}(Object(Illuminate/Http/Request))
#41 C:/laragon/www/hrd/vendor/laravel/framework/src/Illuminate/Pipeline/Pipeline.php(219): Illuminate/Foundation/Http/Middleware/PreventRequestsDuringMaintenance->handle(Object(Illuminate/Http/Request), Object(Closure))
#42 C:/laragon/www/hrd/vendor/laravel/framework/src/Illuminate/Http/Middleware/HandleCors.php(61): Illuminate/Pipeline/Pipeline->{closure:{closure:Illuminate/Pipeline/Pipeline::carry():194}:195}(Object(Illuminate/Http/Request))
#43 C:/laragon/www/hrd/vendor/laravel/framework/src/Illuminate/Pipeline/Pipeline.php(219): Illuminate/Http/Middleware/HandleCors->handle(Object(Illuminate/Http/Request), Object(Closure))
#44 C:/laragon/www/hrd/vendor/laravel/framework/src/Illuminate/Http/Middleware/TrustProxies.php(58): Illuminate/Pipeline/Pipeline->{closure:{closure:Illuminate/Pipeline/Pipeline::carry():194}:195}(Object(Illuminate/Http/Request))
#45 C:/laragon/www/hrd/vendor/laravel/framework/src/Illuminate/Pipeline/Pipeline.php(219): Illuminate/Http/Middleware/TrustProxies->handle(Object(Illuminate/Http/Request), Object(Closure))
#46 C:/laragon/www/hrd/vendor/laravel/framework/src/Illuminate/Foundation/Http/Middleware/InvokeDeferredCallbacks.php(22): Illuminate/Pipeline/Pipeline->{closure:{closure:Illuminate/Pipeline/Pipeline::carry():194}:195}(Object(Illuminate/Http/Request))
#47 C:/laragon/www/hrd/vendor/laravel/framework/src/Illuminate/Pipeline/Pipeline.php(219): Illuminate/Foundation/Http/Middleware/InvokeDeferredCallbacks->handle(Object(Illuminate/Http/Request), Object(Closure))
#48 C:/laragon/www/hrd/vendor/laravel/framework/src/Illuminate/Http/Middleware/ValidatePathEncoding.php(26): Illuminate/Pipeline/Pipeline->{closure:{closure:Illuminate/Pipeline/Pipeline::carry():194}:195}(Object(Illuminate/Http/Request))
#49 C:/laragon/www/hrd/vendor/laravel/framework/src/Illuminate/Pipeline/Pipeline.php(219): Illuminate/Http/Middleware/ValidatePathEncoding->handle(Object(Illuminate/Http/Request), Object(Closure))
#50 C:/laragon/www/hrd/vendor/laravel/framework/src/Illuminate/Pipeline/Pipeline.php(137): Illuminate/Pipeline/Pipeline->{closure:{closure:Illuminate/Pipeline/Pipeline::carry():194}:195}(Object(Illuminate/Http/Request))
#51 C:/laragon/www/hrd/vendor/laravel/framework/src/Illuminate/Foundation/Http/Kernel.php(175): Illuminate/Pipeline/Pipeline->then(Object(Closure))
#52 C:/laragon/www/hrd/vendor/laravel/framework/src/Illuminate/Foundation/Http/Kernel.php(144): Illuminate/Foundation/Http/Kernel->sendRequestThroughRouter(Object(Illuminate/Http/Request))
#53 C:/laragon/www/hrd/vendor/laravel/framework/src/Illuminate/Foundation/Application.php(1220): Illuminate/Foundation/Http/Kernel->handle(Object(Illuminate/Http/Request))
#54 C:/laragon/www/hrd/public/index.php(20): Illuminate/Foundation/Application->handleRequest(Object(Illuminate/Http/Request))
#55 C:/laragon/www/hrd/vendor/laravel/framework/src/Illuminate/Foundation/resources/server.php(23): require_once('C://laragon//www//...')
#56 {main}
"} 
[2026-09-04 01:18:06] local.ERROR: syntax error, unexpected single-quoted string "); ?>" />", expecting ")" (View: C:\laragon\www\hrd\resources\views\auth\login.blade.php) {"exception":"[object] (Illuminate\\View\\ViewException(code: 0): syntax error, unexpected single-quoted string \"); ?>\" />
\", expecting \")\" (View: C:\\laragon\\www\\hrd\\resources\\views\\auth\\login.blade.php) at C:/laragon/www/hrd/storage/framework/views/a4364759d74f5acac7a3493e61e3397e.php:200)
[stacktrace]
#0 C:/laragon/www/hrd/vendor/laravel/framework/src/Illuminate/View/Engines/PhpEngine.php(59): Illuminate/View/Engines/CompilerEngine->handleViewException(Object(ParseError), 1)
#1 C:/laragon/www/hrd/vendor/laravel/framework/src/Illuminate/View/Engines/CompilerEngine.php(76): Illuminate/View/Engines/PhpEngine->evaluatePath('C://laragon//www//...', Array)
#2 C:/laragon/www/hrd/vendor/laravel/framework/src/Illuminate/View/View.php(208): Illuminate/View/Engines/CompilerEngine->get('C://laragon//www//...', Array)
#3 C:/laragon/www/hrd/vendor/laravel/framework/src/Illuminate/View/View.php(191): Illuminate/View/View->getContents()
#4 C:/laragon/www/hrd/vendor/laravel/framework/src/Illuminate/View/View.php(160): Illuminate/View/View->renderContents()
#5 C:/laragon/www/hrd/vendor/laravel/framework/src/Illuminate/Http/Response.php(78): Illuminate/View/View->render()
#6 C:/laragon/www/hrd/vendor/laravel/framework/src/Illuminate/Http/Response.php(34): Illuminate/Http/Response->setContent(Object(Illuminate/View/View))
#7 C:/laragon/www/hrd/vendor/laravel/framework/src/Illuminate/Routing/Router.php(939): Illuminate/Http/Response->__construct(Object(Illuminate/View/View), 200, Array)
#8 C:/laragon/www/hrd/vendor/laravel/framework/src/Illuminate/Routing/Router.php(906): Illuminate/Routing/Router::toResponse(Object(Illuminate/Http/Request), Object(Illuminate/View/View))
#9 C:/laragon/www/hrd/vendor/laravel/framework/src/Illuminate/Routing/Router.php(821): Illuminate/Routing/Router->prepareResponse(Object(Illuminate/Http/Request), Object(Illuminate/View/View))
#10 C:/laragon/www/hrd/vendor/laravel/framework/src/Illuminate/Pipeline/Pipeline.php(180): Illuminate/Routing/Router->{closure:Illuminate/Routing/Router::runRouteWithinStack():821}(Object(Illuminate/Http/Request))
#11 C:/laragon/www/hrd/vendor/laravel/framework/src/Illuminate/Routing/Middleware/SubstituteBindings.php(50): Illuminate/Pipeline/Pipeline->{closure:Illuminate/Pipeline/Pipeline::prepareDestination():178}(Object(Illuminate/Http/Request))
#12 C:/laragon/www/hrd/vendor/laravel/framework/src/Illuminate/Pipeline/Pipeline.php(219): Illuminate/Routing/Middleware/SubstituteBindings->handle(Object(Illuminate/Http/Request), Object(Closure))
#13 C:/laragon/www/hrd/vendor/laravel/framework/src/Illuminate/Foundation/Http/Middleware/VerifyCsrfToken.php(87): Illuminate/Pipeline/Pipeline->{closure:{closure:Illuminate/Pipeline/Pipeline::carry():194}:195}(Object(Illuminate/Http/Request))
#14 C:/laragon/www/hrd/vendor/laravel/framework/src/Illuminate/Pipeline/Pipeline.php(219): Illuminate/Foundation/Http/Middleware/VerifyCsrfToken->handle(Object(Illuminate/Http/Request), Object(Closure))
#15 C:/laragon/www/hrd/vendor/laravel/framework/src/Illuminate/View/Middleware/ShareErrorsFromSession.php(48): Illuminate/Pipeline/Pipeline->{closure:{closure:Illuminate/Pipeline/Pipeline::carry():194}:195}(Object(Illuminate/Http/Request))
#16 C:/laragon/www/hrd/vendor/laravel/framework/src/Illuminate/Pipeline/Pipeline.php(219): Illuminate/View/Middleware/ShareErrorsFromSession->handle(Object(Illuminate/Http/Request), Object(Closure))
#17 C:/laragon/www/hrd/vendor/laravel/framework/src/Illuminate/Session/Middleware/StartSession.php(120): Illuminate/Pipeline/Pipeline->{closure:{closure:Illuminate/Pipeline/Pipeline::carry():194}:195}(Object(Illuminate/Http/Request))
#18 C:/laragon/www/hrd/vendor/laravel/framework/src/Illuminate/Session/Middleware/StartSession.php(63): Illuminate/Session/Middleware/StartSession->handleStatefulRequest(Object(Illuminate/Http/Request), Object(Illuminate/Session/Store), Object(Closure))
#19 C:/laragon/www/hrd/vendor/laravel/framework/src/Illuminate/Pipeline/Pipeline.php(219): Illuminate/Session/Middleware/StartSession->handle(Object(Illuminate/Http/Request), Object(Closure))
#20 C:/laragon/www/hrd/vendor/laravel/framework/src/Illuminate/Cookie/Middleware/AddQueuedCookiesToResponse.php(36): Illuminate/Pipeline/Pipeline->{closure:{closure:Illuminate/Pipeline/Pipeline::carry():194}:195}(Object(Illuminate/Http/Request))
#21 C:/laragon/www/hrd/vendor/laravel/framework/src/Illuminate/Pipeline/Pipeline.php(219): Illuminate/Cookie/Middleware/AddQueuedCookiesToResponse->handle(Object(Illuminate/Http/Request), Object(Closure))
#22 C:/laragon/www/hrd/vendor/laravel/framework/src/Illuminate/Cookie/Middleware/EncryptCookies.php(74): Illuminate/Pipeline/Pipeline->{closure:{closure:Illuminate/Pipeline/Pipeline::carry():194}:195}(Object(Illuminate/Http/Request))
#23 C:/laragon/www/hrd/vendor/laravel/framework/src/Illuminate/Pipeline/Pipeline.php(219): Illuminate/Cookie/Middleware/EncryptCookies->handle(Object(Illuminate/Http/Request), Object(Closure))
#24 C:/laragon/www/hrd/vendor/laravel/framework/src/Illuminate/Pipeline/Pipeline.php(137): Illuminate/Pipeline/Pipeline->{closure:{closure:Illuminate/Pipeline/Pipeline::carry():194}:195}(Object(Illuminate/Http/Request))
#25 C:/laragon/www/hrd/vendor/laravel/framework/src/Illuminate/Routing/Router.php(821): Illuminate/Pipeline/Pipeline->then(Object(Closure))
#26 C:/laragon/www/hrd/vendor/laravel/framework/src/Illuminate/Routing/Router.php(800): Illuminate/Routing/Router->runRouteWithinStack(Object(Illuminate/Routing/Route), Object(Illuminate/Http/Request))
#27 C:/laragon/www/hrd/vendor/laravel/framework/src/Illuminate/Routing/Router.php(764): Illuminate/Routing/Router->runRoute(Object(Illuminate/Http/Request), Object(Illuminate/Routing/Route))
#28 C:/laragon/www/hrd/vendor/laravel/framework/src/Illuminate/Routing/Router.php(753): Illuminate/Routing/Router->dispatchToRoute(Object(Illuminate/Http/Request))
#29 C:/laragon/www/hrd/vendor/laravel/framework/src/Illuminate/Foundation/Http/Kernel.php(200): Illuminate/Routing/Router->dispatch(Object(Illuminate/Http/Request))
#30 C:/laragon/www/hrd/vendor/laravel/framework/src/Illuminate/Pipeline/Pipeline.php(180): Illuminate/Foundation/Http/Kernel->{closure:Illuminate/Foundation/Http/Kernel::dispatchToRouter():197}(Object(Illuminate/Http/Request))
#31 C:/laragon/www/hrd/vendor/laravel/framework/src/Illuminate/Foundation/Http/Middleware/TransformsRequest.php(21): Illuminate/Pipeline/Pipeline->{closure:Illuminate/Pipeline/Pipeline::prepareDestination():178}(Object(Illuminate/Http/Request))
#32 C:/laragon/www/hrd/vendor/laravel/framework/src/Illuminate/Foundation/Http/Middleware/ConvertEmptyStringsToNull.php(31): Illuminate/Foundation/Http/Middleware/TransformsRequest->handle(Object(Illuminate/Http/Request), Object(Closure))
#33 C:/laragon/www/hrd/vendor/laravel/framework/src/Illuminate/Pipeline/Pipeline.php(219): Illuminate/Foundation/Http/Middleware/ConvertEmptyStringsToNull->handle(Object(Illuminate/Http/Request), Object(Closure))
#34 C:/laragon/www/hrd/vendor/laravel/framework/src/Illuminate/Foundation/Http/Middleware/TransformsRequest.php(21): Illuminate/Pipeline/Pipeline->{closure:{closure:Illuminate/Pipeline/Pipeline::carry():194}:195}(Object(Illuminate/Http/Request))
#35 C:/laragon/www/hrd/vendor/laravel/framework/src/Illuminate/Foundation/Http/Middleware/TrimStrings.php(51): Illuminate/Foundation/Http/Middleware/TransformsRequest->handle(Object(Illuminate/Http/Request), Object(Closure))
#36 C:/laragon/www/hrd/vendor/laravel/framework/src/Illuminate/Pipeline/Pipeline.php(219): Illuminate/Foundation/Http/Middleware/TrimStrings->handle(Object(Illuminate/Http/Request), Object(Closure))
#37 C:/laragon/www/hrd/vendor/laravel/framework/src/Illuminate/Http/Middleware/ValidatePostSize.php(27): Illuminate/Pipeline/Pipeline->{closure:{closure:Illuminate/Pipeline/Pipeline::carry():194}:195}(Object(Illuminate/Http/Request))
#38 C:/laragon/www/hrd/vendor/laravel/framework/src/Illuminate/Pipeline/Pipeline.php(219): Illuminate/Http/Middleware/ValidatePostSize->handle(Object(Illuminate/Http/Request), Object(Closure))
#39 C:/laragon/www/hrd/vendor/laravel/framework/src/Illuminate/Foundation/Http/Middleware/PreventRequestsDuringMaintenance.php(109): Illuminate/Pipeline/Pipeline->{closure:{closure:Illuminate/Pipeline/Pipeline::carry():194}:195}(Object(Illuminate/Http/Request))
#40 C:/laragon/www/hrd/vendor/laravel/framework/src/Illuminate/Pipeline/Pipeline.php(219): Illuminate/Foundation/Http/Middleware/PreventRequestsDuringMaintenance->handle(Object(Illuminate/Http/Request), Object(Closure))
#41 C:/laragon/www/hrd/vendor/laravel/framework/src/Illuminate/Http/Middleware/HandleCors.php(61): Illuminate/Pipeline/Pipeline->{closure:{closure:Illuminate/Pipeline/Pipeline::carry():194}:195}(Object(Illuminate/Http/Request))
#42 C:/laragon/www/hrd/vendor/laravel/framework/src/Illuminate/Pipeline/Pipeline.php(219): Illuminate/Http/Middleware/HandleCors->handle(Object(Illuminate/Http/Request), Object(Closure))
#43 C:/laragon/www/hrd/vendor/laravel/framework/src/Illuminate/Http/Middleware/TrustProxies.php(58): Illuminate/Pipeline/Pipeline->{closure:{closure:Illuminate/Pipeline/Pipeline::carry():194}:195}(Object(Illuminate/Http/Request))
#44 C:/laragon/www/hrd/vendor/laravel/framework/src/Illuminate/Pipeline/Pipeline.php(219): Illuminate/Http/Middleware/TrustProxies->handle(Object(Illuminate/Http/Request), Object(Closure))
#45 C:/laragon/www/hrd/vendor/laravel/framework/src/Illuminate/Foundation/Http/Middleware/InvokeDeferredCallbacks.php(22): Illuminate/Pipeline/Pipeline->{closure:{closure:Illuminate/Pipeline/Pipeline::carry():194}:195}(Object(Illuminate/Http/Request))
#46 C:/laragon/www/hrd/vendor/laravel/framework/src/Illuminate/Pipeline/Pipeline.php(219): Illuminate/Foundation/Http/Middleware/InvokeDeferredCallbacks->handle(Object(Illuminate/Http/Request), Object(Closure))
#47 C:/laragon/www/hrd/vendor/laravel/framework/src/Illuminate/Http/Middleware/ValidatePathEncoding.php(26): Illuminate/Pipeline/Pipeline->{closure:{closure:Illuminate/Pipeline/Pipeline::carry():194}:195}(Object(Illuminate/Http/Request))
#48 C:/laragon/www/hrd/vendor/laravel/framework/src/Illuminate/Pipeline/Pipeline.php(219): Illuminate/Http/Middleware/ValidatePathEncoding->handle(Object(Illuminate/Http/Request), Object(Closure))
#49 C:/laragon/www/hrd/vendor/laravel/framework/src/Illuminate/Pipeline/Pipeline.php(137): Illuminate/Pipeline/Pipeline->{closure:{closure:Illuminate/Pipeline/Pipeline::carry():194}:195}(Object(Illuminate/Http/Request))
#50 C:/laragon/www/hrd/vendor/laravel/framework/src/Illuminate/Foundation/Http/Kernel.php(175): Illuminate/Pipeline/Pipeline->then(Object(Closure))
#51 C:/laragon/www/hrd/vendor/laravel/framework/src/Illuminate/Foundation/Http/Kernel.php(144): Illuminate/Foundation/Http/Kernel->sendRequestThroughRouter(Object(Illuminate/Http/Request))
#52 C:/laragon/www/hrd/vendor/laravel/framework/src/Illuminate/Foundation/Application.php(1220): Illuminate/Foundation/Http/Kernel->handle(Object(Illuminate/Http/Request))
#53 C:/laragon/www/hrd/public/index.php(20): Illuminate/Foundation/Application->handleRequest(Object(Illuminate/Http/Request))
#54 C:/laragon/www/hrd/vendor/laravel/framework/src/Illuminate/Foundation/resources/server.php(23): require_once('C://laragon//www//...')
#55 {main}

[previous exception] [object] (ParseError(code: 0): syntax error, unexpected single-quoted string \"); ?>\" />
\", expecting \")\" at C:/laragon/www/hrd/storage/framework/views/a4364759d74f5acac7a3493e61e3397e.php:200)
[stacktrace]
#0 C:/laragon/www/hrd/vendor/laravel/framework/src/Illuminate/Filesystem/Filesystem.php(124): Illuminate/Filesystem/Filesystem::{closure:Illuminate/Filesystem/Filesystem::getRequire():120}()
#1 C:/laragon/www/hrd/vendor/laravel/framework/src/Illuminate/View/Engines/PhpEngine.php(57): Illuminate/Filesystem/Filesystem->getRequire('C://laragon//www//...', Array)
#2 C:/laragon/www/hrd/vendor/laravel/framework/src/Illuminate/View/Engines/CompilerEngine.php(76): Illuminate/View/Engines/PhpEngine->evaluatePath('C://laragon//www//...', Array)
#3 C:/laragon/www/hrd/vendor/laravel/framework/src/Illuminate/View/View.php(208): Illuminate/View/Engines/CompilerEngine->get('C://laragon//www//...', Array)
#4 C:/laragon/www/hrd/vendor/laravel/framework/src/Illuminate/View/View.php(191): Illuminate/View/View->getContents()
#5 C:/laragon/www/hrd/vendor/laravel/framework/src/Illuminate/View/View.php(160): Illuminate/View/View->renderContents()
#6 C:/laragon/www/hrd/vendor/laravel/framework/src/Illuminate/Http/Response.php(78): Illuminate/View/View->render()
#7 C:/laragon/www/hrd/vendor/laravel/framework/src/Illuminate/Http/Response.php(34): Illuminate/Http/Response->setContent(Object(Illuminate/View/View))
#8 C:/laragon/www/hrd/vendor/laravel/framework/src/Illuminate/Routing/Router.php(939): Illuminate/Http/Response->__construct(Object(Illuminate/View/View), 200, Array)
#9 C:/laragon/www/hrd/vendor/laravel/framework/src/Illuminate/Routing/Router.php(906): Illuminate/Routing/Router::toResponse(Object(Illuminate/Http/Request), Object(Illuminate/View/View))
#10 C:/laragon/www/hrd/vendor/laravel/framework/src/Illuminate/Routing/Router.php(821): Illuminate/Routing/Router->prepareResponse(Object(Illuminate/Http/Request), Object(Illuminate/View/View))
#11 C:/laragon/www/hrd/vendor/laravel/framework/src/Illuminate/Pipeline/Pipeline.php(180): Illuminate/Routing/Router->{closure:Illuminate/Routing/Router::runRouteWithinStack():821}(Object(Illuminate/Http/Request))
#12 C:/laragon/www/hrd/vendor/laravel/framework/src/Illuminate/Routing/Middleware/SubstituteBindings.php(50): Illuminate/Pipeline/Pipeline->{closure:Illuminate/Pipeline/Pipeline::prepareDestination():178}(Object(Illuminate/Http/Request))
#13 C:/laragon/www/hrd/vendor/laravel/framework/src/Illuminate/Pipeline/Pipeline.php(219): Illuminate/Routing/Middleware/SubstituteBindings->handle(Object(Illuminate/Http/Request), Object(Closure))
#14 C:/laragon/www/hrd/vendor/laravel/framework/src/Illuminate/Foundation/Http/Middleware/VerifyCsrfToken.php(87): Illuminate/Pipeline/Pipeline->{closure:{closure:Illuminate/Pipeline/Pipeline::carry():194}:195}(Object(Illuminate/Http/Request))
#15 C:/laragon/www/hrd/vendor/laravel/framework/src/Illuminate/Pipeline/Pipeline.php(219): Illuminate/Foundation/Http/Middleware/VerifyCsrfToken->handle(Object(Illuminate/Http/Request), Object(Closure))
#16 C:/laragon/www/hrd/vendor/laravel/framework/src/Illuminate/View/Middleware/ShareErrorsFromSession.php(48): Illuminate/Pipeline/Pipeline->{closure:{closure:Illuminate/Pipeline/Pipeline::carry():194}:195}(Object(Illuminate/Http/Request))
#17 C:/laragon/www/hrd/vendor/laravel/framework/src/Illuminate/Pipeline/Pipeline.php(219): Illuminate/View/Middleware/ShareErrorsFromSession->handle(Object(Illuminate/Http/Request), Object(Closure))
#18 C:/laragon/www/hrd/vendor/laravel/framework/src/Illuminate/Session/Middleware/StartSession.php(120): Illuminate/Pipeline/Pipeline->{closure:{closure:Illuminate/Pipeline/Pipeline::carry():194}:195}(Object(Illuminate/Http/Request))
#19 C:/laragon/www/hrd/vendor/laravel/framework/src/Illuminate/Session/Middleware/StartSession.php(63): Illuminate/Session/Middleware/StartSession->handleStatefulRequest(Object(Illuminate/Http/Request), Object(Illuminate/Session/Store), Object(Closure))
#20 C:/laragon/www/hrd/vendor/laravel/framework/src/Illuminate/Pipeline/Pipeline.php(219): Illuminate/Session/Middleware/StartSession->handle(Object(Illuminate/Http/Request), Object(Closure))
#21 C:/laragon/www/hrd/vendor/laravel/framework/src/Illuminate/Cookie/Middleware/AddQueuedCookiesToResponse.php(36): Illuminate/Pipeline/Pipeline->{closure:{closure:Illuminate/Pipeline/Pipeline::carry():194}:195}(Object(Illuminate/Http/Request))
#22 C:/laragon/www/hrd/vendor/laravel/framework/src/Illuminate/Pipeline/Pipeline.php(219): Illuminate/Cookie/Middleware/AddQueuedCookiesToResponse->handle(Object(Illuminate/Http/Request), Object(Closure))
#23 C:/laragon/www/hrd/vendor/laravel/framework/src/Illuminate/Cookie/Middleware/EncryptCookies.php(74): Illuminate/Pipeline/Pipeline->{closure:{closure:Illuminate/Pipeline/Pipeline::carry():194}:195}(Object(Illuminate/Http/Request))
#24 C:/laragon/www/hrd/vendor/laravel/framework/src/Illuminate/Pipeline/Pipeline.php(219): Illuminate/Cookie/Middleware/EncryptCookies->handle(Object(Illuminate/Http/Request), Object(Closure))
#25 C:/laragon/www/hrd/vendor/laravel/framework/src/Illuminate/Pipeline/Pipeline.php(137): Illuminate/Pipeline/Pipeline->{closure:{closure:Illuminate/Pipeline/Pipeline::carry():194}:195}(Object(Illuminate/Http/Request))
#26 C:/laragon/www/hrd/vendor/laravel/framework/src/Illuminate/Routing/Router.php(821): Illuminate/Pipeline/Pipeline->then(Object(Closure))
#27 C:/laragon/www/hrd/vendor/laravel/framework/src/Illuminate/Routing/Router.php(800): Illuminate/Routing/Router->runRouteWithinStack(Object(Illuminate/Routing/Route), Object(Illuminate/Http/Request))
#28 C:/laragon/www/hrd/vendor/laravel/framework/src/Illuminate/Routing/Router.php(764): Illuminate/Routing/Router->runRoute(Object(Illuminate/Http/Request), Object(Illuminate/Routing/Route))
#29 C:/laragon/www/hrd/vendor/laravel/framework/src/Illuminate/Routing/Router.php(753): Illuminate/Routing/Router->dispatchToRoute(Object(Illuminate/Http/Request))
#30 C:/laragon/www/hrd/vendor/laravel/framework/src/Illuminate/Foundation/Http/Kernel.php(200): Illuminate/Routing/Router->dispatch(Object(Illuminate/Http/Request))
#31 C:/laragon/www/hrd/vendor/laravel/framework/src/Illuminate/Pipeline/Pipeline.php(180): Illuminate/Foundation/Http/Kernel->{closure:Illuminate/Foundation/Http/Kernel::dispatchToRouter():197}(Object(Illuminate/Http/Request))
#32 C:/laragon/www/hrd/vendor/laravel/framework/src/Illuminate/Foundation/Http/Middleware/TransformsRequest.php(21): Illuminate/Pipeline/Pipeline->{closure:Illuminate/Pipeline/Pipeline::prepareDestination():178}(Object(Illuminate/Http/Request))
#33 C:/laragon/www/hrd/vendor/laravel/framework/src/Illuminate/Foundation/Http/Middleware/ConvertEmptyStringsToNull.php(31): Illuminate/Foundation/Http/Middleware/TransformsRequest->handle(Object(Illuminate/Http/Request), Object(Closure))
#34 C:/laragon/www/hrd/vendor/laravel/framework/src/Illuminate/Pipeline/Pipeline.php(219): Illuminate/Foundation/Http/Middleware/ConvertEmptyStringsToNull->handle(Object(Illuminate/Http/Request), Object(Closure))
#35 C:/laragon/www/hrd/vendor/laravel/framework/src/Illuminate/Foundation/Http/Middleware/TransformsRequest.php(21): Illuminate/Pipeline/Pipeline->{closure:{closure:Illuminate/Pipeline/Pipeline::carry():194}:195}(Object(Illuminate/Http/Request))
#36 C:/laragon/www/hrd/vendor/laravel/framework/src/Illuminate/Foundation/Http/Middleware/TrimStrings.php(51): Illuminate/Foundation/Http/Middleware/TransformsRequest->handle(Object(Illuminate/Http/Request), Object(Closure))
#37 C:/laragon/www/hrd/vendor/laravel/framework/src/Illuminate/Pipeline/Pipeline.php(219): Illuminate/Foundation/Http/Middleware/TrimStrings->handle(Object(Illuminate/Http/Request), Object(Closure))
#38 C:/laragon/www/hrd/vendor/laravel/framework/src/Illuminate/Http/Middleware/ValidatePostSize.php(27): Illuminate/Pipeline/Pipeline->{closure:{closure:Illuminate/Pipeline/Pipeline::carry():194}:195}(Object(Illuminate/Http/Request))
#39 C:/laragon/www/hrd/vendor/laravel/framework/src/Illuminate/Pipeline/Pipeline.php(219): Illuminate/Http/Middleware/ValidatePostSize->handle(Object(Illuminate/Http/Request), Object(Closure))
#40 C:/laragon/www/hrd/vendor/laravel/framework/src/Illuminate/Foundation/Http/Middleware/PreventRequestsDuringMaintenance.php(109): Illuminate/Pipeline/Pipeline->{closure:{closure:Illuminate/Pipeline/Pipeline::carry():194}:195}(Object(Illuminate/Http/Request))
#41 C:/laragon/www/hrd/vendor/laravel/framework/src/Illuminate/Pipeline/Pipeline.php(219): Illuminate/Foundation/Http/Middleware/PreventRequestsDuringMaintenance->handle(Object(Illuminate/Http/Request), Object(Closure))
#42 C:/laragon/www/hrd/vendor/laravel/framework/src/Illuminate/Http/Middleware/HandleCors.php(61): Illuminate/Pipeline/Pipeline->{closure:{closure:Illuminate/Pipeline/Pipeline::carry():194}:195}(Object(Illuminate/Http/Request))
#43 C:/laragon/www/hrd/vendor/laravel/framework/src/Illuminate/Pipeline/Pipeline.php(219): Illuminate/Http/Middleware/HandleCors->handle(Object(Illuminate/Http/Request), Object(Closure))
#44 C:/laragon/www/hrd/vendor/laravel/framework/src/Illuminate/Http/Middleware/TrustProxies.php(58): Illuminate/Pipeline/Pipeline->{closure:{closure:Illuminate/Pipeline/Pipeline::carry():194}:195}(Object(Illuminate/Http/Request))
#45 C:/laragon/www/hrd/vendor/laravel/framework/src/Illuminate/Pipeline/Pipeline.php(219): Illuminate/Http/Middleware/TrustProxies->handle(Object(Illuminate/Http/Request), Object(Closure))
#46 C:/laragon/www/hrd/vendor/laravel/framework/src/Illuminate/Foundation/Http/Middleware/InvokeDeferredCallbacks.php(22): Illuminate/Pipeline/Pipeline->{closure:{closure:Illuminate/Pipeline/Pipeline::carry():194}:195}(Object(Illuminate/Http/Request))
#47 C:/laragon/www/hrd/vendor/laravel/framework/src/Illuminate/Pipeline/Pipeline.php(219): Illuminate/Foundation/Http/Middleware/InvokeDeferredCallbacks->handle(Object(Illuminate/Http/Request), Object(Closure))
#48 C:/laragon/www/hrd/vendor/laravel/framework/src/Illuminate/Http/Middleware/ValidatePathEncoding.php(26): Illuminate/Pipeline/Pipeline->{closure:{closure:Illuminate/Pipeline/Pipeline::carry():194}:195}(Object(Illuminate/Http/Request))
#49 C:/laragon/www/hrd/vendor/laravel/framework/src/Illuminate/Pipeline/Pipeline.php(219): Illuminate/Http/Middleware/ValidatePathEncoding->handle(Object(Illuminate/Http/Request), Object(Closure))
#50 C:/laragon/www/hrd/vendor/laravel/framework/src/Illuminate/Pipeline/Pipeline.php(137): Illuminate/Pipeline/Pipeline->{closure:{closure:Illuminate/Pipeline/Pipeline::carry():194}:195}(Object(Illuminate/Http/Request))
#51 C:/laragon/www/hrd/vendor/laravel/framework/src/Illuminate/Foundation/Http/Kernel.php(175): Illuminate/Pipeline/Pipeline->then(Object(Closure))
#52 C:/laragon/www/hrd/vendor/laravel/framework/src/Illuminate/Foundation/Http/Kernel.php(144): Illuminate/Foundation/Http/Kernel->sendRequestThroughRouter(Object(Illuminate/Http/Request))
#53 C:/laragon/www/hrd/vendor/laravel/framework/src/Illuminate/Foundation/Application.php(1220): Illuminate/Foundation/Http/Kernel->handle(Object(Illuminate/Http/Request))
#54 C:/laragon/www/hrd/public/index.php(20): Illuminate/Foundation/Application->handleRequest(Object(Illuminate/Http/Request))
#55 C:/laragon/www/hrd/vendor/laravel/framework/src/Illuminate/Foundation/resources/server.php(23): require_once('C://laragon//www//...')
#56 {main}
"} 
[2026-09-04 01:21:14] local.ERROR: syntax error, unexpected single-quoted string "); ?>" />", expecting ")" (View: C:\laragon\www\hrd\resources\views\auth\login.blade.php) {"exception":"[object] (Illuminate\\View\\ViewException(code: 0): syntax error, unexpected single-quoted string \"); ?>\" />
\", expecting \")\" (View: C:\\laragon\\www\\hrd\\resources\\views\\auth\\login.blade.php) at C:/laragon/www/hrd/storage/framework/views/a4364759d74f5acac7a3493e61e3397e.php:200)
[stacktrace]
#0 C:/laragon/www/hrd/vendor/laravel/framework/src/Illuminate/View/Engines/PhpEngine.php(59): Illuminate/View/Engines/CompilerEngine->handleViewException(Object(ParseError), 1)
#1 C:/laragon/www/hrd/vendor/laravel/framework/src/Illuminate/View/Engines/CompilerEngine.php(76): Illuminate/View/Engines/PhpEngine->evaluatePath('C://laragon//www//...', Array)
#2 C:/laragon/www/hrd/vendor/laravel/framework/src/Illuminate/View/View.php(208): Illuminate/View/Engines/CompilerEngine->get('C://laragon//www//...', Array)
#3 C:/laragon/www/hrd/vendor/laravel/framework/src/Illuminate/View/View.php(191): Illuminate/View/View->getContents()
#4 C:/laragon/www/hrd/vendor/laravel/framework/src/Illuminate/View/View.php(160): Illuminate/View/View->renderContents()
#5 C:/laragon/www/hrd/vendor/laravel/framework/src/Illuminate/Http/Response.php(78): Illuminate/View/View->render()
#6 C:/laragon/www/hrd/vendor/laravel/framework/src/Illuminate/Http/Response.php(34): Illuminate/Http/Response->setContent(Object(Illuminate/View/View))
#7 C:/laragon/www/hrd/vendor/laravel/framework/src/Illuminate/Routing/Router.php(939): Illuminate/Http/Response->__construct(Object(Illuminate/View/View), 200, Array)
#8 C:/laragon/www/hrd/vendor/laravel/framework/src/Illuminate/Routing/Router.php(906): Illuminate/Routing/Router::toResponse(Object(Illuminate/Http/Request), Object(Illuminate/View/View))
#9 C:/laragon/www/hrd/vendor/laravel/framework/src/Illuminate/Routing/Router.php(821): Illuminate/Routing/Router->prepareResponse(Object(Illuminate/Http/Request), Object(Illuminate/View/View))
#10 C:/laragon/www/hrd/vendor/laravel/framework/src/Illuminate/Pipeline/Pipeline.php(180): Illuminate/Routing/Router->{closure:Illuminate/Routing/Router::runRouteWithinStack():821}(Object(Illuminate/Http/Request))
#11 C:/laragon/www/hrd/vendor/laravel/framework/src/Illuminate/Routing/Middleware/SubstituteBindings.php(50): Illuminate/Pipeline/Pipeline->{closure:Illuminate/Pipeline/Pipeline::prepareDestination():178}(Object(Illuminate/Http/Request))
#12 C:/laragon/www/hrd/vendor/laravel/framework/src/Illuminate/Pipeline/Pipeline.php(219): Illuminate/Routing/Middleware/SubstituteBindings->handle(Object(Illuminate/Http/Request), Object(Closure))
#13 C:/laragon/www/hrd/vendor/laravel/framework/src/Illuminate/Foundation/Http/Middleware/VerifyCsrfToken.php(87): Illuminate/Pipeline/Pipeline->{closure:{closure:Illuminate/Pipeline/Pipeline::carry():194}:195}(Object(Illuminate/Http/Request))
#14 C:/laragon/www/hrd/vendor/laravel/framework/src/Illuminate/Pipeline/Pipeline.php(219): Illuminate/Foundation/Http/Middleware/VerifyCsrfToken->handle(Object(Illuminate/Http/Request), Object(Closure))
#15 C:/laragon/www/hrd/vendor/laravel/framework/src/Illuminate/View/Middleware/ShareErrorsFromSession.php(48): Illuminate/Pipeline/Pipeline->{closure:{closure:Illuminate/Pipeline/Pipeline::carry():194}:195}(Object(Illuminate/Http/Request))
#16 C:/laragon/www/hrd/vendor/laravel/framework/src/Illuminate/Pipeline/Pipeline.php(219): Illuminate/View/Middleware/ShareErrorsFromSession->handle(Object(Illuminate/Http/Request), Object(Closure))
#17 C:/laragon/www/hrd/vendor/laravel/framework/src/Illuminate/Session/Middleware/StartSession.php(120): Illuminate/Pipeline/Pipeline->{closure:{closure:Illuminate/Pipeline/Pipeline::carry():194}:195}(Object(Illuminate/Http/Request))
#18 C:/laragon/www/hrd/vendor/laravel/framework/src/Illuminate/Session/Middleware/StartSession.php(63): Illuminate/Session/Middleware/StartSession->handleStatefulRequest(Object(Illuminate/Http/Request), Object(Illuminate/Session/Store), Object(Closure))
#19 C:/laragon/www/hrd/vendor/laravel/framework/src/Illuminate/Pipeline/Pipeline.php(219): Illuminate/Session/Middleware/StartSession->handle(Object(Illuminate/Http/Request), Object(Closure))
#20 C:/laragon/www/hrd/vendor/laravel/framework/src/Illuminate/Cookie/Middleware/AddQueuedCookiesToResponse.php(36): Illuminate/Pipeline/Pipeline->{closure:{closure:Illuminate/Pipeline/Pipeline::carry():194}:195}(Object(Illuminate/Http/Request))
#21 C:/laragon/www/hrd/vendor/laravel/framework/src/Illuminate/Pipeline/Pipeline.php(219): Illuminate/Cookie/Middleware/AddQueuedCookiesToResponse->handle(Object(Illuminate/Http/Request), Object(Closure))
#22 C:/laragon/www/hrd/vendor/laravel/framework/src/Illuminate/Cookie/Middleware/EncryptCookies.php(74): Illuminate/Pipeline/Pipeline->{closure:{closure:Illuminate/Pipeline/Pipeline::carry():194}:195}(Object(Illuminate/Http/Request))
#23 C:/laragon/www/hrd/vendor/laravel/framework/src/Illuminate/Pipeline/Pipeline.php(219): Illuminate/Cookie/Middleware/EncryptCookies->handle(Object(Illuminate/Http/Request), Object(Closure))
#24 C:/laragon/www/hrd/vendor/laravel/framework/src/Illuminate/Pipeline/Pipeline.php(137): Illuminate/Pipeline/Pipeline->{closure:{closure:Illuminate/Pipeline/Pipeline::carry():194}:195}(Object(Illuminate/Http/Request))
#25 C:/laragon/www/hrd/vendor/laravel/framework/src/Illuminate/Routing/Router.php(821): Illuminate/Pipeline/Pipeline->then(Object(Closure))
#26 C:/laragon/www/hrd/vendor/laravel/framework/src/Illuminate/Routing/Router.php(800): Illuminate/Routing/Router->runRouteWithinStack(Object(Illuminate/Routing/Route), Object(Illuminate/Http/Request))
#27 C:/laragon/www/hrd/vendor/laravel/framework/src/Illuminate/Routing/Router.php(764): Illuminate/Routing/Router->runRoute(Object(Illuminate/Http/Request), Object(Illuminate/Routing/Route))
#28 C:/laragon/www/hrd/vendor/laravel/framework/src/Illuminate/Routing/Router.php(753): Illuminate/Routing/Router->dispatchToRoute(Object(Illuminate/Http/Request))
#29 C:/laragon/www/hrd/vendor/laravel/framework/src/Illuminate/Foundation/Http/Kernel.php(200): Illuminate/Routing/Router->dispatch(Object(Illuminate/Http/Request))
#30 C:/laragon/www/hrd/vendor/laravel/framework/src/Illuminate/Pipeline/Pipeline.php(180): Illuminate/Foundation/Http/Kernel->{closure:Illuminate/Foundation/Http/Kernel::dispatchToRouter():197}(Object(Illuminate/Http/Request))
#31 C:/laragon/www/hrd/vendor/laravel/framework/src/Illuminate/Foundation/Http/Middleware/TransformsRequest.php(21): Illuminate/Pipeline/Pipeline->{closure:Illuminate/Pipeline/Pipeline::prepareDestination():178}(Object(Illuminate/Http/Request))
#32 C:/laragon/www/hrd/vendor/laravel/framework/src/Illuminate/Foundation/Http/Middleware/ConvertEmptyStringsToNull.php(31): Illuminate/Foundation/Http/Middleware/TransformsRequest->handle(Object(Illuminate/Http/Request), Object(Closure))
#33 C:/laragon/www/hrd/vendor/laravel/framework/src/Illuminate/Pipeline/Pipeline.php(219): Illuminate/Foundation/Http/Middleware/ConvertEmptyStringsToNull->handle(Object(Illuminate/Http/Request), Object(Closure))
#34 C:/laragon/www/hrd/vendor/laravel/framework/src/Illuminate/Foundation/Http/Middleware/TransformsRequest.php(21): Illuminate/Pipeline/Pipeline->{closure:{closure:Illuminate/Pipeline/Pipeline::carry():194}:195}(Object(Illuminate/Http/Request))
#35 C:/laragon/www/hrd/vendor/laravel/framework/src/Illuminate/Foundation/Http/Middleware/TrimStrings.php(51): Illuminate/Foundation/Http/Middleware/TransformsRequest->handle(Object(Illuminate/Http/Request), Object(Closure))
#36 C:/laragon/www/hrd/vendor/laravel/framework/src/Illuminate/Pipeline/Pipeline.php(219): Illuminate/Foundation/Http/Middleware/TrimStrings->handle(Object(Illuminate/Http/Request), Object(Closure))
#37 C:/laragon/www/hrd/vendor/laravel/framework/src/Illuminate/Http/Middleware/ValidatePostSize.php(27): Illuminate/Pipeline/Pipeline->{closure:{closure:Illuminate/Pipeline/Pipeline::carry():194}:195}(Object(Illuminate/Http/Request))
#38 C:/laragon/www/hrd/vendor/laravel/framework/src/Illuminate/Pipeline/Pipeline.php(219): Illuminate/Http/Middleware/ValidatePostSize->handle(Object(Illuminate/Http/Request), Object(Closure))
#39 C:/laragon/www/hrd/vendor/laravel/framework/src/Illuminate/Foundation/Http/Middleware/PreventRequestsDuringMaintenance.php(109): Illuminate/Pipeline/Pipeline->{closure:{closure:Illuminate/Pipeline/Pipeline::carry():194}:195}(Object(Illuminate/Http/Request))
#40 C:/laragon/www/hrd/vendor/laravel/framework/src/Illuminate/Pipeline/Pipeline.php(219): Illuminate/Foundation/Http/Middleware/PreventRequestsDuringMaintenance->handle(Object(Illuminate/Http/Request), Object(Closure))
#41 C:/laragon/www/hrd/vendor/laravel/framework/src/Illuminate/Http/Middleware/HandleCors.php(61): Illuminate/Pipeline/Pipeline->{closure:{closure:Illuminate/Pipeline/Pipeline::carry():194}:195}(Object(Illuminate/Http/Request))
#42 C:/laragon/www/hrd/vendor/laravel/framework/src/Illuminate/Pipeline/Pipeline.php(219): Illuminate/Http/Middleware/HandleCors->handle(Object(Illuminate/Http/Request), Object(Closure))
#43 C:/laragon/www/hrd/vendor/laravel/framework/src/Illuminate/Http/Middleware/TrustProxies.php(58): Illuminate/Pipeline/Pipeline->{closure:{closure:Illuminate/Pipeline/Pipeline::carry():194}:195}(Object(Illuminate/Http/Request))
#44 C:/laragon/www/hrd/vendor/laravel/framework/src/Illuminate/Pipeline/Pipeline.php(219): Illuminate/Http/Middleware/TrustProxies->handle(Object(Illuminate/Http/Request), Object(Closure))
#45 C:/laragon/www/hrd/vendor/laravel/framework/src/Illuminate/Foundation/Http/Middleware/InvokeDeferredCallbacks.php(22): Illuminate/Pipeline/Pipeline->{closure:{closure:Illuminate/Pipeline/Pipeline::carry():194}:195}(Object(Illuminate/Http/Request))
#46 C:/laragon/www/hrd/vendor/laravel/framework/src/Illuminate/Pipeline/Pipeline.php(219): Illuminate/Foundation/Http/Middleware/InvokeDeferredCallbacks->handle(Object(Illuminate/Http/Request), Object(Closure))
#47 C:/laragon/www/hrd/vendor/laravel/framework/src/Illuminate/Http/Middleware/ValidatePathEncoding.php(26): Illuminate/Pipeline/Pipeline->{closure:{closure:Illuminate/Pipeline/Pipeline::carry():194}:195}(Object(Illuminate/Http/Request))
#48 C:/laragon/www/hrd/vendor/laravel/framework/src/Illuminate/Pipeline/Pipeline.php(219): Illuminate/Http/Middleware/ValidatePathEncoding->handle(Object(Illuminate/Http/Request), Object(Closure))
#49 C:/laragon/www/hrd/vendor/laravel/framework/src/Illuminate/Pipeline/Pipeline.php(137): Illuminate/Pipeline/Pipeline->{closure:{closure:Illuminate/Pipeline/Pipeline::carry():194}:195}(Object(Illuminate/Http/Request))
#50 C:/laragon/www/hrd/vendor/laravel/framework/src/Illuminate/Foundation/Http/Kernel.php(175): Illuminate/Pipeline/Pipeline->then(Object(Closure))
#51 C:/laragon/www/hrd/vendor/laravel/framework/src/Illuminate/Foundation/Http/Kernel.php(144): Illuminate/Foundation/Http/Kernel->sendRequestThroughRouter(Object(Illuminate/Http/Request))
#52 C:/laragon/www/hrd/vendor/laravel/framework/src/Illuminate/Foundation/Application.php(1220): Illuminate/Foundation/Http/Kernel->handle(Object(Illuminate/Http/Request))
#53 C:/laragon/www/hrd/public/index.php(20): Illuminate/Foundation/Application->handleRequest(Object(Illuminate/Http/Request))
#54 C:/laragon/www/hrd/vendor/laravel/framework/src/Illuminate/Foundation/resources/server.php(23): require_once('C://laragon//www//...')
#55 {main}

[previous exception] [object] (ParseError(code: 0): syntax error, unexpected single-quoted string \"); ?>\" />
\", expecting \")\" at C:/laragon/www/hrd/storage/framework/views/a4364759d74f5acac7a3493e61e3397e.php:200)
[stacktrace]
#0 C:/laragon/www/hrd/vendor/laravel/framework/src/Illuminate/Filesystem/Filesystem.php(124): Illuminate/Filesystem/Filesystem::{closure:Illuminate/Filesystem/Filesystem::getRequire():120}()
#1 C:/laragon/www/hrd/vendor/laravel/framework/src/Illuminate/View/Engines/PhpEngine.php(57): Illuminate/Filesystem/Filesystem->getRequire('C://laragon//www//...', Array)
#2 C:/laragon/www/hrd/vendor/laravel/framework/src/Illuminate/View/Engines/CompilerEngine.php(76): Illuminate/View/Engines/PhpEngine->evaluatePath('C://laragon//www//...', Array)
#3 C:/laragon/www/hrd/vendor/laravel/framework/src/Illuminate/View/View.php(208): Illuminate/View/Engines/CompilerEngine->get('C://laragon//www//...', Array)
#4 C:/laragon/www/hrd/vendor/laravel/framework/src/Illuminate/View/View.php(191): Illuminate/View/View->getContents()
#5 C:/laragon/www/hrd/vendor/laravel/framework/src/Illuminate/View/View.php(160): Illuminate/View/View->renderContents()
#6 C:/laragon/www/hrd/vendor/laravel/framework/src/Illuminate/Http/Response.php(78): Illuminate/View/View->render()
#7 C:/laragon/www/hrd/vendor/laravel/framework/src/Illuminate/Http/Response.php(34): Illuminate/Http/Response->setContent(Object(Illuminate/View/View))
#8 C:/laragon/www/hrd/vendor/laravel/framework/src/Illuminate/Routing/Router.php(939): Illuminate/Http/Response->__construct(Object(Illuminate/View/View), 200, Array)
#9 C:/laragon/www/hrd/vendor/laravel/framework/src/Illuminate/Routing/Router.php(906): Illuminate/Routing/Router::toResponse(Object(Illuminate/Http/Request), Object(Illuminate/View/View))
#10 C:/laragon/www/hrd/vendor/laravel/framework/src/Illuminate/Routing/Router.php(821): Illuminate/Routing/Router->prepareResponse(Object(Illuminate/Http/Request), Object(Illuminate/View/View))
#11 C:/laragon/www/hrd/vendor/laravel/framework/src/Illuminate/Pipeline/Pipeline.php(180): Illuminate/Routing/Router->{closure:Illuminate/Routing/Router::runRouteWithinStack():821}(Object(Illuminate/Http/Request))
#12 C:/laragon/www/hrd/vendor/laravel/framework/src/Illuminate/Routing/Middleware/SubstituteBindings.php(50): Illuminate/Pipeline/Pipeline->{closure:Illuminate/Pipeline/Pipeline::prepareDestination():178}(Object(Illuminate/Http/Request))
#13 C:/laragon/www/hrd/vendor/laravel/framework/src/Illuminate/Pipeline/Pipeline.php(219): Illuminate/Routing/Middleware/SubstituteBindings->handle(Object(Illuminate/Http/Request), Object(Closure))
#14 C:/laragon/www/hrd/vendor/laravel/framework/src/Illuminate/Foundation/Http/Middleware/VerifyCsrfToken.php(87): Illuminate/Pipeline/Pipeline->{closure:{closure:Illuminate/Pipeline/Pipeline::carry():194}:195}(Object(Illuminate/Http/Request))
#15 C:/laragon/www/hrd/vendor/laravel/framework/src/Illuminate/Pipeline/Pipeline.php(219): Illuminate/Foundation/Http/Middleware/VerifyCsrfToken->handle(Object(Illuminate/Http/Request), Object(Closure))
#16 C:/laragon/www/hrd/vendor/laravel/framework/src/Illuminate/View/Middleware/ShareErrorsFromSession.php(48): Illuminate/Pipeline/Pipeline->{closure:{closure:Illuminate/Pipeline/Pipeline::carry():194}:195}(Object(Illuminate/Http/Request))
#17 C:/laragon/www/hrd/vendor/laravel/framework/src/Illuminate/Pipeline/Pipeline.php(219): Illuminate/View/Middleware/ShareErrorsFromSession->handle(Object(Illuminate/Http/Request), Object(Closure))
#18 C:/laragon/www/hrd/vendor/laravel/framework/src/Illuminate/Session/Middleware/StartSession.php(120): Illuminate/Pipeline/Pipeline->{closure:{closure:Illuminate/Pipeline/Pipeline::carry():194}:195}(Object(Illuminate/Http/Request))
#19 C:/laragon/www/hrd/vendor/laravel/framework/src/Illuminate/Session/Middleware/StartSession.php(63): Illuminate/Session/Middleware/StartSession->handleStatefulRequest(Object(Illuminate/Http/Request), Object(Illuminate/Session/Store), Object(Closure))
#20 C:/laragon/www/hrd/vendor/laravel/framework/src/Illuminate/Pipeline/Pipeline.php(219): Illuminate/Session/Middleware/StartSession->handle(Object(Illuminate/Http/Request), Object(Closure))
#21 C:/laragon/www/hrd/vendor/laravel/framework/src/Illuminate/Cookie/Middleware/AddQueuedCookiesToResponse.php(36): Illuminate/Pipeline/Pipeline->{closure:{closure:Illuminate/Pipeline/Pipeline::carry():194}:195}(Object(Illuminate/Http/Request))
#22 C:/laragon/www/hrd/vendor/laravel/framework/src/Illuminate/Pipeline/Pipeline.php(219): Illuminate/Cookie/Middleware/AddQueuedCookiesToResponse->handle(Object(Illuminate/Http/Request), Object(Closure))
#23 C:/laragon/www/hrd/vendor/laravel/framework/src/Illuminate/Cookie/Middleware/EncryptCookies.php(74): Illuminate/Pipeline/Pipeline->{closure:{closure:Illuminate/Pipeline/Pipeline::carry():194}:195}(Object(Illuminate/Http/Request))
#24 C:/laragon/www/hrd/vendor/laravel/framework/src/Illuminate/Pipeline/Pipeline.php(219): Illuminate/Cookie/Middleware/EncryptCookies->handle(Object(Illuminate/Http/Request), Object(Closure))
#25 C:/laragon/www/hrd/vendor/laravel/framework/src/Illuminate/Pipeline/Pipeline.php(137): Illuminate/Pipeline/Pipeline->{closure:{closure:Illuminate/Pipeline/Pipeline::carry():194}:195}(Object(Illuminate/Http/Request))
#26 C:/laragon/www/hrd/vendor/laravel/framework/src/Illuminate/Routing/Router.php(821): Illuminate/Pipeline/Pipeline->then(Object(Closure))
#27 C:/laragon/www/hrd/vendor/laravel/framework/src/Illuminate/Routing/Router.php(800): Illuminate/Routing/Router->runRouteWithinStack(Object(Illuminate/Routing/Route), Object(Illuminate/Http/Request))
#28 C:/laragon/www/hrd/vendor/laravel/framework/src/Illuminate/Routing/Router.php(764): Illuminate/Routing/Router->runRoute(Object(Illuminate/Http/Request), Object(Illuminate/Routing/Route))
#29 C:/laragon/www/hrd/vendor/laravel/framework/src/Illuminate/Routing/Router.php(753): Illuminate/Routing/Router->dispatchToRoute(Object(Illuminate/Http/Request))
#30 C:/laragon/www/hrd/vendor/laravel/framework/src/Illuminate/Foundation/Http/Kernel.php(200): Illuminate/Routing/Router->dispatch(Object(Illuminate/Http/Request))
#31 C:/laragon/www/hrd/vendor/laravel/framework/src/Illuminate/Pipeline/Pipeline.php(180): Illuminate/Foundation/Http/Kernel->{closure:Illuminate/Foundation/Http/Kernel::dispatchToRouter():197}(Object(Illuminate/Http/Request))
#32 C:/laragon/www/hrd/vendor/laravel/framework/src/Illuminate/Foundation/Http/Middleware/TransformsRequest.php(21): Illuminate/Pipeline/Pipeline->{closure:Illuminate/Pipeline/Pipeline::prepareDestination():178}(Object(Illuminate/Http/Request))
#33 C:/laragon/www/hrd/vendor/laravel/framework/src/Illuminate/Foundation/Http/Middleware/ConvertEmptyStringsToNull.php(31): Illuminate/Foundation/Http/Middleware/TransformsRequest->handle(Object(Illuminate/Http/Request), Object(Closure))
#34 C:/laragon/www/hrd/vendor/laravel/framework/src/Illuminate/Pipeline/Pipeline.php(219): Illuminate/Foundation/Http/Middleware/ConvertEmptyStringsToNull->handle(Object(Illuminate/Http/Request), Object(Closure))
#35 C:/laragon/www/hrd/vendor/laravel/framework/src/Illuminate/Foundation/Http/Middleware/TransformsRequest.php(21): Illuminate/Pipeline/Pipeline->{closure:{closure:Illuminate/Pipeline/Pipeline::carry():194}:195}(Object(Illuminate/Http/Request))
#36 C:/laragon/www/hrd/vendor/laravel/framework/src/Illuminate/Foundation/Http/Middleware/TrimStrings.php(51): Illuminate/Foundation/Http/Middleware/TransformsRequest->handle(Object(Illuminate/Http/Request), Object(Closure))
#37 C:/laragon/www/hrd/vendor/laravel/framework/src/Illuminate/Pipeline/Pipeline.php(219): Illuminate/Foundation/Http/Middleware/TrimStrings->handle(Object(Illuminate/Http/Request), Object(Closure))
#38 C:/laragon/www/hrd/vendor/laravel/framework/src/Illuminate/Http/Middleware/ValidatePostSize.php(27): Illuminate/Pipeline/Pipeline->{closure:{closure:Illuminate/Pipeline/Pipeline::carry():194}:195}(Object(Illuminate/Http/Request))
#39 C:/laragon/www/hrd/vendor/laravel/framework/src/Illuminate/Pipeline/Pipeline.php(219): Illuminate/Http/Middleware/ValidatePostSize->handle(Object(Illuminate/Http/Request), Object(Closure))
#40 C:/laragon/www/hrd/vendor/laravel/framework/src/Illuminate/Foundation/Http/Middleware/PreventRequestsDuringMaintenance.php(109): Illuminate/Pipeline/Pipeline->{closure:{closure:Illuminate/Pipeline/Pipeline::carry():194}:195}(Object(Illuminate/Http/Request))
#41 C:/laragon/www/hrd/vendor/laravel/framework/src/Illuminate/Pipeline/Pipeline.php(219): Illuminate/Foundation/Http/Middleware/PreventRequestsDuringMaintenance->handle(Object(Illuminate/Http/Request), Object(Closure))
#42 C:/laragon/www/hrd/vendor/laravel/framework/src/Illuminate/Http/Middleware/HandleCors.php(61): Illuminate/Pipeline/Pipeline->{closure:{closure:Illuminate/Pipeline/Pipeline::carry():194}:195}(Object(Illuminate/Http/Request))
#43 C:/laragon/www/hrd/vendor/laravel/framework/src/Illuminate/Pipeline/Pipeline.php(219): Illuminate/Http/Middleware/HandleCors->handle(Object(Illuminate/Http/Request), Object(Closure))
#44 C:/laragon/www/hrd/vendor/laravel/framework/src/Illuminate/Http/Middleware/TrustProxies.php(58): Illuminate/Pipeline/Pipeline->{closure:{closure:Illuminate/Pipeline/Pipeline::carry():194}:195}(Object(Illuminate/Http/Request))
#45 C:/laragon/www/hrd/vendor/laravel/framework/src/Illuminate/Pipeline/Pipeline.php(219): Illuminate/Http/Middleware/TrustProxies->handle(Object(Illuminate/Http/Request), Object(Closure))
#46 C:/laragon/www/hrd/vendor/laravel/framework/src/Illuminate/Foundation/Http/Middleware/InvokeDeferredCallbacks.php(22): Illuminate/Pipeline/Pipeline->{closure:{closure:Illuminate/Pipeline/Pipeline::carry():194}:195}(Object(Illuminate/Http/Request))
#47 C:/laragon/www/hrd/vendor/laravel/framework/src/Illuminate/Pipeline/Pipeline.php(219): Illuminate/Foundation/Http/Middleware/InvokeDeferredCallbacks->handle(Object(Illuminate/Http/Request), Object(Closure))
#48 C:/laragon/www/hrd/vendor/laravel/framework/src/Illuminate/Http/Middleware/ValidatePathEncoding.php(26): Illuminate/Pipeline/Pipeline->{closure:{closure:Illuminate/Pipeline/Pipeline::carry():194}:195}(Object(Illuminate/Http/Request))
#49 C:/laragon/www/hrd/vendor/laravel/framework/src/Illuminate/Pipeline/Pipeline.php(219): Illuminate/Http/Middleware/ValidatePathEncoding->handle(Object(Illuminate/Http/Request), Object(Closure))
#50 C:/laragon/www/hrd/vendor/laravel/framework/src/Illuminate/Pipeline/Pipeline.php(137): Illuminate/Pipeline/Pipeline->{closure:{closure:Illuminate/Pipeline/Pipeline::carry():194}:195}(Object(Illuminate/Http/Request))
#51 C:/laragon/www/hrd/vendor/laravel/framework/src/Illuminate/Foundation/Http/Kernel.php(175): Illuminate/Pipeline/Pipeline->then(Object(Closure))
#52 C:/laragon/www/hrd/vendor/laravel/framework/src/Illuminate/Foundation/Http/Kernel.php(144): Illuminate/Foundation/Http/Kernel->sendRequestThroughRouter(Object(Illuminate/Http/Request))
#53 C:/laragon/www/hrd/vendor/laravel/framework/src/Illuminate/Foundation/Application.php(1220): Illuminate/Foundation/Http/Kernel->handle(Object(Illuminate/Http/Request))
#54 C:/laragon/www/hrd/public/index.php(20): Illuminate/Foundation/Application->handleRequest(Object(Illuminate/Http/Request))
#55 C:/laragon/www/hrd/vendor/laravel/framework/src/Illuminate/Foundation/resources/server.php(23): require_once('C://laragon//www//...')
#56 {main}
"} 
[2026-09-04 01:21:36] local.ERROR: syntax error, unexpected single-quoted string "); ?>" />", expecting ")" (View: C:\laragon\www\hrd\resources\views\auth\login.blade.php) {"exception":"[object] (Illuminate\\View\\ViewException(code: 0): syntax error, unexpected single-quoted string \"); ?>\" />
\", expecting \")\" (View: C:\\laragon\\www\\hrd\\resources\\views\\auth\\login.blade.php) at C:/laragon/www/hrd/storage/framework/views/a4364759d74f5acac7a3493e61e3397e.php:204)
[stacktrace]
#0 C:/laragon/www/hrd/vendor/laravel/framework/src/Illuminate/View/Engines/PhpEngine.php(59): Illuminate/View/Engines/CompilerEngine->handleViewException(Object(ParseError), 1)
#1 C:/laragon/www/hrd/vendor/laravel/framework/src/Illuminate/View/Engines/CompilerEngine.php(76): Illuminate/View/Engines/PhpEngine->evaluatePath('C://laragon//www//...', Array)
#2 C:/laragon/www/hrd/vendor/laravel/framework/src/Illuminate/View/View.php(208): Illuminate/View/Engines/CompilerEngine->get('C://laragon//www//...', Array)
#3 C:/laragon/www/hrd/vendor/laravel/framework/src/Illuminate/View/View.php(191): Illuminate/View/View->getContents()
#4 C:/laragon/www/hrd/vendor/laravel/framework/src/Illuminate/View/View.php(160): Illuminate/View/View->renderContents()
#5 C:/laragon/www/hrd/vendor/laravel/framework/src/Illuminate/Http/Response.php(78): Illuminate/View/View->render()
#6 C:/laragon/www/hrd/vendor/laravel/framework/src/Illuminate/Http/Response.php(34): Illuminate/Http/Response->setContent(Object(Illuminate/View/View))
#7 C:/laragon/www/hrd/vendor/laravel/framework/src/Illuminate/Routing/Router.php(939): Illuminate/Http/Response->__construct(Object(Illuminate/View/View), 200, Array)
#8 C:/laragon/www/hrd/vendor/laravel/framework/src/Illuminate/Routing/Router.php(906): Illuminate/Routing/Router::toResponse(Object(Illuminate/Http/Request), Object(Illuminate/View/View))
#9 C:/laragon/www/hrd/vendor/laravel/framework/src/Illuminate/Routing/Router.php(821): Illuminate/Routing/Router->prepareResponse(Object(Illuminate/Http/Request), Object(Illuminate/View/View))
#10 C:/laragon/www/hrd/vendor/laravel/framework/src/Illuminate/Pipeline/Pipeline.php(180): Illuminate/Routing/Router->{closure:Illuminate/Routing/Router::runRouteWithinStack():821}(Object(Illuminate/Http/Request))
#11 C:/laragon/www/hrd/vendor/laravel/framework/src/Illuminate/Routing/Middleware/SubstituteBindings.php(50): Illuminate/Pipeline/Pipeline->{closure:Illuminate/Pipeline/Pipeline::prepareDestination():178}(Object(Illuminate/Http/Request))
#12 C:/laragon/www/hrd/vendor/laravel/framework/src/Illuminate/Pipeline/Pipeline.php(219): Illuminate/Routing/Middleware/SubstituteBindings->handle(Object(Illuminate/Http/Request), Object(Closure))
#13 C:/laragon/www/hrd/vendor/laravel/framework/src/Illuminate/Foundation/Http/Middleware/VerifyCsrfToken.php(87): Illuminate/Pipeline/Pipeline->{closure:{closure:Illuminate/Pipeline/Pipeline::carry():194}:195}(Object(Illuminate/Http/Request))
#14 C:/laragon/www/hrd/vendor/laravel/framework/src/Illuminate/Pipeline/Pipeline.php(219): Illuminate/Foundation/Http/Middleware/VerifyCsrfToken->handle(Object(Illuminate/Http/Request), Object(Closure))
#15 C:/laragon/www/hrd/vendor/laravel/framework/src/Illuminate/View/Middleware/ShareErrorsFromSession.php(48): Illuminate/Pipeline/Pipeline->{closure:{closure:Illuminate/Pipeline/Pipeline::carry():194}:195}(Object(Illuminate/Http/Request))
#16 C:/laragon/www/hrd/vendor/laravel/framework/src/Illuminate/Pipeline/Pipeline.php(219): Illuminate/View/Middleware/ShareErrorsFromSession->handle(Object(Illuminate/Http/Request), Object(Closure))
#17 C:/laragon/www/hrd/vendor/laravel/framework/src/Illuminate/Session/Middleware/StartSession.php(120): Illuminate/Pipeline/Pipeline->{closure:{closure:Illuminate/Pipeline/Pipeline::carry():194}:195}(Object(Illuminate/Http/Request))
#18 C:/laragon/www/hrd/vendor/laravel/framework/src/Illuminate/Session/Middleware/StartSession.php(63): Illuminate/Session/Middleware/StartSession->handleStatefulRequest(Object(Illuminate/Http/Request), Object(Illuminate/Session/Store), Object(Closure))
#19 C:/laragon/www/hrd/vendor/laravel/framework/src/Illuminate/Pipeline/Pipeline.php(219): Illuminate/Session/Middleware/StartSession->handle(Object(Illuminate/Http/Request), Object(Closure))
#20 C:/laragon/www/hrd/vendor/laravel/framework/src/Illuminate/Cookie/Middleware/AddQueuedCookiesToResponse.php(36): Illuminate/Pipeline/Pipeline->{closure:{closure:Illuminate/Pipeline/Pipeline::carry():194}:195}(Object(Illuminate/Http/Request))
#21 C:/laragon/www/hrd/vendor/laravel/framework/src/Illuminate/Pipeline/Pipeline.php(219): Illuminate/Cookie/Middleware/AddQueuedCookiesToResponse->handle(Object(Illuminate/Http/Request), Object(Closure))
#22 C:/laragon/www/hrd/vendor/laravel/framework/src/Illuminate/Cookie/Middleware/EncryptCookies.php(74): Illuminate/Pipeline/Pipeline->{closure:{closure:Illuminate/Pipeline/Pipeline::carry():194}:195}(Object(Illuminate/Http/Request))
#23 C:/laragon/www/hrd/vendor/laravel/framework/src/Illuminate/Pipeline/Pipeline.php(219): Illuminate/Cookie/Middleware/EncryptCookies->handle(Object(Illuminate/Http/Request), Object(Closure))
#24 C:/laragon/www/hrd/vendor/laravel/framework/src/Illuminate/Pipeline/Pipeline.php(137): Illuminate/Pipeline/Pipeline->{closure:{closure:Illuminate/Pipeline/Pipeline::carry():194}:195}(Object(Illuminate/Http/Request))
#25 C:/laragon/www/hrd/vendor/laravel/framework/src/Illuminate/Routing/Router.php(821): Illuminate/Pipeline/Pipeline->then(Object(Closure))
#26 C:/laragon/www/hrd/vendor/laravel/framework/src/Illuminate/Routing/Router.php(800): Illuminate/Routing/Router->runRouteWithinStack(Object(Illuminate/Routing/Route), Object(Illuminate/Http/Request))
#27 C:/laragon/www/hrd/vendor/laravel/framework/src/Illuminate/Routing/Router.php(764): Illuminate/Routing/Router->runRoute(Object(Illuminate/Http/Request), Object(Illuminate/Routing/Route))
#28 C:/laragon/www/hrd/vendor/laravel/framework/src/Illuminate/Routing/Router.php(753): Illuminate/Routing/Router->dispatchToRoute(Object(Illuminate/Http/Request))
#29 C:/laragon/www/hrd/vendor/laravel/framework/src/Illuminate/Foundation/Http/Kernel.php(200): Illuminate/Routing/Router->dispatch(Object(Illuminate/Http/Request))
#30 C:/laragon/www/hrd/vendor/laravel/framework/src/Illuminate/Pipeline/Pipeline.php(180): Illuminate/Foundation/Http/Kernel->{closure:Illuminate/Foundation/Http/Kernel::dispatchToRouter():197}(Object(Illuminate/Http/Request))
#31 C:/laragon/www/hrd/vendor/laravel/framework/src/Illuminate/Foundation/Http/Middleware/TransformsRequest.php(21): Illuminate/Pipeline/Pipeline->{closure:Illuminate/Pipeline/Pipeline::prepareDestination():178}(Object(Illuminate/Http/Request))
#32 C:/laragon/www/hrd/vendor/laravel/framework/src/Illuminate/Foundation/Http/Middleware/ConvertEmptyStringsToNull.php(31): Illuminate/Foundation/Http/Middleware/TransformsRequest->handle(Object(Illuminate/Http/Request), Object(Closure))
#33 C:/laragon/www/hrd/vendor/laravel/framework/src/Illuminate/Pipeline/Pipeline.php(219): Illuminate/Foundation/Http/Middleware/ConvertEmptyStringsToNull->handle(Object(Illuminate/Http/Request), Object(Closure))
#34 C:/laragon/www/hrd/vendor/laravel/framework/src/Illuminate/Foundation/Http/Middleware/TransformsRequest.php(21): Illuminate/Pipeline/Pipeline->{closure:{closure:Illuminate/Pipeline/Pipeline::carry():194}:195}(Object(Illuminate/Http/Request))
#35 C:/laragon/www/hrd/vendor/laravel/framework/src/Illuminate/Foundation/Http/Middleware/TrimStrings.php(51): Illuminate/Foundation/Http/Middleware/TransformsRequest->handle(Object(Illuminate/Http/Request), Object(Closure))
#36 C:/laragon/www/hrd/vendor/laravel/framework/src/Illuminate/Pipeline/Pipeline.php(219): Illuminate/Foundation/Http/Middleware/TrimStrings->handle(Object(Illuminate/Http/Request), Object(Closure))
#37 C:/laragon/www/hrd/vendor/laravel/framework/src/Illuminate/Http/Middleware/ValidatePostSize.php(27): Illuminate/Pipeline/Pipeline->{closure:{closure:Illuminate/Pipeline/Pipeline::carry():194}:195}(Object(Illuminate/Http/Request))
#38 C:/laragon/www/hrd/vendor/laravel/framework/src/Illuminate/Pipeline/Pipeline.php(219): Illuminate/Http/Middleware/ValidatePostSize->handle(Object(Illuminate/Http/Request), Object(Closure))
#39 C:/laragon/www/hrd/vendor/laravel/framework/src/Illuminate/Foundation/Http/Middleware/PreventRequestsDuringMaintenance.php(109): Illuminate/Pipeline/Pipeline->{closure:{closure:Illuminate/Pipeline/Pipeline::carry():194}:195}(Object(Illuminate/Http/Request))
#40 C:/laragon/www/hrd/vendor/laravel/framework/src/Illuminate/Pipeline/Pipeline.php(219): Illuminate/Foundation/Http/Middleware/PreventRequestsDuringMaintenance->handle(Object(Illuminate/Http/Request), Object(Closure))
#41 C:/laragon/www/hrd/vendor/laravel/framework/src/Illuminate/Http/Middleware/HandleCors.php(61): Illuminate/Pipeline/Pipeline->{closure:{closure:Illuminate/Pipeline/Pipeline::carry():194}:195}(Object(Illuminate/Http/Request))
#42 C:/laragon/www/hrd/vendor/laravel/framework/src/Illuminate/Pipeline/Pipeline.php(219): Illuminate/Http/Middleware/HandleCors->handle(Object(Illuminate/Http/Request), Object(Closure))
#43 C:/laragon/www/hrd/vendor/laravel/framework/src/Illuminate/Http/Middleware/TrustProxies.php(58): Illuminate/Pipeline/Pipeline->{closure:{closure:Illuminate/Pipeline/Pipeline::carry():194}:195}(Object(Illuminate/Http/Request))
#44 C:/laragon/www/hrd/vendor/laravel/framework/src/Illuminate/Pipeline/Pipeline.php(219): Illuminate/Http/Middleware/TrustProxies->handle(Object(Illuminate/Http/Request), Object(Closure))
#45 C:/laragon/www/hrd/vendor/laravel/framework/src/Illuminate/Foundation/Http/Middleware/InvokeDeferredCallbacks.php(22): Illuminate/Pipeline/Pipeline->{closure:{closure:Illuminate/Pipeline/Pipeline::carry():194}:195}(Object(Illuminate/Http/Request))
#46 C:/laragon/www/hrd/vendor/laravel/framework/src/Illuminate/Pipeline/Pipeline.php(219): Illuminate/Foundation/Http/Middleware/InvokeDeferredCallbacks->handle(Object(Illuminate/Http/Request), Object(Closure))
#47 C:/laragon/www/hrd/vendor/laravel/framework/src/Illuminate/Http/Middleware/ValidatePathEncoding.php(26): Illuminate/Pipeline/Pipeline->{closure:{closure:Illuminate/Pipeline/Pipeline::carry():194}:195}(Object(Illuminate/Http/Request))
#48 C:/laragon/www/hrd/vendor/laravel/framework/src/Illuminate/Pipeline/Pipeline.php(219): Illuminate/Http/Middleware/ValidatePathEncoding->handle(Object(Illuminate/Http/Request), Object(Closure))
#49 C:/laragon/www/hrd/vendor/laravel/framework/src/Illuminate/Pipeline/Pipeline.php(137): Illuminate/Pipeline/Pipeline->{closure:{closure:Illuminate/Pipeline/Pipeline::carry():194}:195}(Object(Illuminate/Http/Request))
#50 C:/laragon/www/hrd/vendor/laravel/framework/src/Illuminate/Foundation/Http/Kernel.php(175): Illuminate/Pipeline/Pipeline->then(Object(Closure))
#51 C:/laragon/www/hrd/vendor/laravel/framework/src/Illuminate/Foundation/Http/Kernel.php(144): Illuminate/Foundation/Http/Kernel->sendRequestThroughRouter(Object(Illuminate/Http/Request))
#52 C:/laragon/www/hrd/vendor/laravel/framework/src/Illuminate/Foundation/Application.php(1220): Illuminate/Foundation/Http/Kernel->handle(Object(Illuminate/Http/Request))
#53 C:/laragon/www/hrd/public/index.php(20): Illuminate/Foundation/Application->handleRequest(Object(Illuminate/Http/Request))
#54 C:/laragon/www/hrd/vendor/laravel/framework/src/Illuminate/Foundation/resources/server.php(23): require_once('C://laragon//www//...')
#55 {main}

[previous exception] [object] (ParseError(code: 0): syntax error, unexpected single-quoted string \"); ?>\" />
\", expecting \")\" at C:/laragon/www/hrd/storage/framework/views/a4364759d74f5acac7a3493e61e3397e.php:204)
[stacktrace]
#0 C:/laragon/www/hrd/vendor/laravel/framework/src/Illuminate/Filesystem/Filesystem.php(124): Illuminate/Filesystem/Filesystem::{closure:Illuminate/Filesystem/Filesystem::getRequire():120}()
#1 C:/laragon/www/hrd/vendor/laravel/framework/src/Illuminate/View/Engines/PhpEngine.php(57): Illuminate/Filesystem/Filesystem->getRequire('C://laragon//www//...', Array)
#2 C:/laragon/www/hrd/vendor/laravel/framework/src/Illuminate/View/Engines/CompilerEngine.php(76): Illuminate/View/Engines/PhpEngine->evaluatePath('C://laragon//www//...', Array)
#3 C:/laragon/www/hrd/vendor/laravel/framework/src/Illuminate/View/View.php(208): Illuminate/View/Engines/CompilerEngine->get('C://laragon//www//...', Array)
#4 C:/laragon/www/hrd/vendor/laravel/framework/src/Illuminate/View/View.php(191): Illuminate/View/View->getContents()
#5 C:/laragon/www/hrd/vendor/laravel/framework/src/Illuminate/View/View.php(160): Illuminate/View/View->renderContents()
#6 C:/laragon/www/hrd/vendor/laravel/framework/src/Illuminate/Http/Response.php(78): Illuminate/View/View->render()
#7 C:/laragon/www/hrd/vendor/laravel/framework/src/Illuminate/Http/Response.php(34): Illuminate/Http/Response->setContent(Object(Illuminate/View/View))
#8 C:/laragon/www/hrd/vendor/laravel/framework/src/Illuminate/Routing/Router.php(939): Illuminate/Http/Response->__construct(Object(Illuminate/View/View), 200, Array)
#9 C:/laragon/www/hrd/vendor/laravel/framework/src/Illuminate/Routing/Router.php(906): Illuminate/Routing/Router::toResponse(Object(Illuminate/Http/Request), Object(Illuminate/View/View))
#10 C:/laragon/www/hrd/vendor/laravel/framework/src/Illuminate/Routing/Router.php(821): Illuminate/Routing/Router->prepareResponse(Object(Illuminate/Http/Request), Object(Illuminate/View/View))
#11 C:/laragon/www/hrd/vendor/laravel/framework/src/Illuminate/Pipeline/Pipeline.php(180): Illuminate/Routing/Router->{closure:Illuminate/Routing/Router::runRouteWithinStack():821}(Object(Illuminate/Http/Request))
#12 C:/laragon/www/hrd/vendor/laravel/framework/src/Illuminate/Routing/Middleware/SubstituteBindings.php(50): Illuminate/Pipeline/Pipeline->{closure:Illuminate/Pipeline/Pipeline::prepareDestination():178}(Object(Illuminate/Http/Request))
#13 C:/laragon/www/hrd/vendor/laravel/framework/src/Illuminate/Pipeline/Pipeline.php(219): Illuminate/Routing/Middleware/SubstituteBindings->handle(Object(Illuminate/Http/Request), Object(Closure))
#14 C:/laragon/www/hrd/vendor/laravel/framework/src/Illuminate/Foundation/Http/Middleware/VerifyCsrfToken.php(87): Illuminate/Pipeline/Pipeline->{closure:{closure:Illuminate/Pipeline/Pipeline::carry():194}:195}(Object(Illuminate/Http/Request))
#15 C:/laragon/www/hrd/vendor/laravel/framework/src/Illuminate/Pipeline/Pipeline.php(219): Illuminate/Foundation/Http/Middleware/VerifyCsrfToken->handle(Object(Illuminate/Http/Request), Object(Closure))
#16 C:/laragon/www/hrd/vendor/laravel/framework/src/Illuminate/View/Middleware/ShareErrorsFromSession.php(48): Illuminate/Pipeline/Pipeline->{closure:{closure:Illuminate/Pipeline/Pipeline::carry():194}:195}(Object(Illuminate/Http/Request))
#17 C:/laragon/www/hrd/vendor/laravel/framework/src/Illuminate/Pipeline/Pipeline.php(219): Illuminate/View/Middleware/ShareErrorsFromSession->handle(Object(Illuminate/Http/Request), Object(Closure))
#18 C:/laragon/www/hrd/vendor/laravel/framework/src/Illuminate/Session/Middleware/StartSession.php(120): Illuminate/Pipeline/Pipeline->{closure:{closure:Illuminate/Pipeline/Pipeline::carry():194}:195}(Object(Illuminate/Http/Request))
#19 C:/laragon/www/hrd/vendor/laravel/framework/src/Illuminate/Session/Middleware/StartSession.php(63): Illuminate/Session/Middleware/StartSession->handleStatefulRequest(Object(Illuminate/Http/Request), Object(Illuminate/Session/Store), Object(Closure))
#20 C:/laragon/www/hrd/vendor/laravel/framework/src/Illuminate/Pipeline/Pipeline.php(219): Illuminate/Session/Middleware/StartSession->handle(Object(Illuminate/Http/Request), Object(Closure))
#21 C:/laragon/www/hrd/vendor/laravel/framework/src/Illuminate/Cookie/Middleware/AddQueuedCookiesToResponse.php(36): Illuminate/Pipeline/Pipeline->{closure:{closure:Illuminate/Pipeline/Pipeline::carry():194}:195}(Object(Illuminate/Http/Request))
#22 C:/laragon/www/hrd/vendor/laravel/framework/src/Illuminate/Pipeline/Pipeline.php(219): Illuminate/Cookie/Middleware/AddQueuedCookiesToResponse->handle(Object(Illuminate/Http/Request), Object(Closure))
#23 C:/laragon/www/hrd/vendor/laravel/framework/src/Illuminate/Cookie/Middleware/EncryptCookies.php(74): Illuminate/Pipeline/Pipeline->{closure:{closure:Illuminate/Pipeline/Pipeline::carry():194}:195}(Object(Illuminate/Http/Request))
#24 C:/laragon/www/hrd/vendor/laravel/framework/src/Illuminate/Pipeline/Pipeline.php(219): Illuminate/Cookie/Middleware/EncryptCookies->handle(Object(Illuminate/Http/Request), Object(Closure))
#25 C:/laragon/www/hrd/vendor/laravel/framework/src/Illuminate/Pipeline/Pipeline.php(137): Illuminate/Pipeline/Pipeline->{closure:{closure:Illuminate/Pipeline/Pipeline::carry():194}:195}(Object(Illuminate/Http/Request))
#26 C:/laragon/www/hrd/vendor/laravel/framework/src/Illuminate/Routing/Router.php(821): Illuminate/Pipeline/Pipeline->then(Object(Closure))
#27 C:/laragon/www/hrd/vendor/laravel/framework/src/Illuminate/Routing/Router.php(800): Illuminate/Routing/Router->runRouteWithinStack(Object(Illuminate/Routing/Route), Object(Illuminate/Http/Request))
#28 C:/laragon/www/hrd/vendor/laravel/framework/src/Illuminate/Routing/Router.php(764): Illuminate/Routing/Router->runRoute(Object(Illuminate/Http/Request), Object(Illuminate/Routing/Route))
#29 C:/laragon/www/hrd/vendor/laravel/framework/src/Illuminate/Routing/Router.php(753): Illuminate/Routing/Router->dispatchToRoute(Object(Illuminate/Http/Request))
#30 C:/laragon/www/hrd/vendor/laravel/framework/src/Illuminate/Foundation/Http/Kernel.php(200): Illuminate/Routing/Router->dispatch(Object(Illuminate/Http/Request))
#31 C:/laragon/www/hrd/vendor/laravel/framework/src/Illuminate/Pipeline/Pipeline.php(180): Illuminate/Foundation/Http/Kernel->{closure:Illuminate/Foundation/Http/Kernel::dispatchToRouter():197}(Object(Illuminate/Http/Request))
#32 C:/laragon/www/hrd/vendor/laravel/framework/src/Illuminate/Foundation/Http/Middleware/TransformsRequest.php(21): Illuminate/Pipeline/Pipeline->{closure:Illuminate/Pipeline/Pipeline::prepareDestination():178}(Object(Illuminate/Http/Request))
#33 C:/laragon/www/hrd/vendor/laravel/framework/src/Illuminate/Foundation/Http/Middleware/ConvertEmptyStringsToNull.php(31): Illuminate/Foundation/Http/Middleware/TransformsRequest->handle(Object(Illuminate/Http/Request), Object(Closure))
#34 C:/laragon/www/hrd/vendor/laravel/framework/src/Illuminate/Pipeline/Pipeline.php(219): Illuminate/Foundation/Http/Middleware/ConvertEmptyStringsToNull->handle(Object(Illuminate/Http/Request), Object(Closure))
#35 C:/laragon/www/hrd/vendor/laravel/framework/src/Illuminate/Foundation/Http/Middleware/TransformsRequest.php(21): Illuminate/Pipeline/Pipeline->{closure:{closure:Illuminate/Pipeline/Pipeline::carry():194}:195}(Object(Illuminate/Http/Request))
#36 C:/laragon/www/hrd/vendor/laravel/framework/src/Illuminate/Foundation/Http/Middleware/TrimStrings.php(51): Illuminate/Foundation/Http/Middleware/TransformsRequest->handle(Object(Illuminate/Http/Request), Object(Closure))
#37 C:/laragon/www/hrd/vendor/laravel/framework/src/Illuminate/Pipeline/Pipeline.php(219): Illuminate/Foundation/Http/Middleware/TrimStrings->handle(Object(Illuminate/Http/Request), Object(Closure))
#38 C:/laragon/www/hrd/vendor/laravel/framework/src/Illuminate/Http/Middleware/ValidatePostSize.php(27): Illuminate/Pipeline/Pipeline->{closure:{closure:Illuminate/Pipeline/Pipeline::carry():194}:195}(Object(Illuminate/Http/Request))
#39 C:/laragon/www/hrd/vendor/laravel/framework/src/Illuminate/Pipeline/Pipeline.php(219): Illuminate/Http/Middleware/ValidatePostSize->handle(Object(Illuminate/Http/Request), Object(Closure))
#40 C:/laragon/www/hrd/vendor/laravel/framework/src/Illuminate/Foundation/Http/Middleware/PreventRequestsDuringMaintenance.php(109): Illuminate/Pipeline/Pipeline->{closure:{closure:Illuminate/Pipeline/Pipeline::carry():194}:195}(Object(Illuminate/Http/Request))
#41 C:/laragon/www/hrd/vendor/laravel/framework/src/Illuminate/Pipeline/Pipeline.php(219): Illuminate/Foundation/Http/Middleware/PreventRequestsDuringMaintenance->handle(Object(Illuminate/Http/Request), Object(Closure))
#42 C:/laragon/www/hrd/vendor/laravel/framework/src/Illuminate/Http/Middleware/HandleCors.php(61): Illuminate/Pipeline/Pipeline->{closure:{closure:Illuminate/Pipeline/Pipeline::carry():194}:195}(Object(Illuminate/Http/Request))
#43 C:/laragon/www/hrd/vendor/laravel/framework/src/Illuminate/Pipeline/Pipeline.php(219): Illuminate/Http/Middleware/HandleCors->handle(Object(Illuminate/Http/Request), Object(Closure))
#44 C:/laragon/www/hrd/vendor/laravel/framework/src/Illuminate/Http/Middleware/TrustProxies.php(58): Illuminate/Pipeline/Pipeline->{closure:{closure:Illuminate/Pipeline/Pipeline::carry():194}:195}(Object(Illuminate/Http/Request))
#45 C:/laragon/www/hrd/vendor/laravel/framework/src/Illuminate/Pipeline/Pipeline.php(219): Illuminate/Http/Middleware/TrustProxies->handle(Object(Illuminate/Http/Request), Object(Closure))
#46 C:/laragon/www/hrd/vendor/laravel/framework/src/Illuminate/Foundation/Http/Middleware/InvokeDeferredCallbacks.php(22): Illuminate/Pipeline/Pipeline->{closure:{closure:Illuminate/Pipeline/Pipeline::carry():194}:195}(Object(Illuminate/Http/Request))
#47 C:/laragon/www/hrd/vendor/laravel/framework/src/Illuminate/Pipeline/Pipeline.php(219): Illuminate/Foundation/Http/Middleware/InvokeDeferredCallbacks->handle(Object(Illuminate/Http/Request), Object(Closure))
#48 C:/laragon/www/hrd/vendor/laravel/framework/src/Illuminate/Http/Middleware/ValidatePathEncoding.php(26): Illuminate/Pipeline/Pipeline->{closure:{closure:Illuminate/Pipeline/Pipeline::carry():194}:195}(Object(Illuminate/Http/Request))
#49 C:/laragon/www/hrd/vendor/laravel/framework/src/Illuminate/Pipeline/Pipeline.php(219): Illuminate/Http/Middleware/ValidatePathEncoding->handle(Object(Illuminate/Http/Request), Object(Closure))
#50 C:/laragon/www/hrd/vendor/laravel/framework/src/Illuminate/Pipeline/Pipeline.php(137): Illuminate/Pipeline/Pipeline->{closure:{closure:Illuminate/Pipeline/Pipeline::carry():194}:195}(Object(Illuminate/Http/Request))
#51 C:/laragon/www/hrd/vendor/laravel/framework/src/Illuminate/Foundation/Http/Kernel.php(175): Illuminate/Pipeline/Pipeline->then(Object(Closure))
#52 C:/laragon/www/hrd/vendor/laravel/framework/src/Illuminate/Foundation/Http/Kernel.php(144): Illuminate/Foundation/Http/Kernel->sendRequestThroughRouter(Object(Illuminate/Http/Request))
#53 C:/laragon/www/hrd/vendor/laravel/framework/src/Illuminate/Foundation/Application.php(1220): Illuminate/Foundation/Http/Kernel->handle(Object(Illuminate/Http/Request))
#54 C:/laragon/www/hrd/public/index.php(20): Illuminate/Foundation/Application->handleRequest(Object(Illuminate/Http/Request))
#55 C:/laragon/www/hrd/vendor/laravel/framework/src/Illuminate/Foundation/resources/server.php(23): require_once('C://laragon//www//...')
#56 {main}
"} 
[2026-09-04 01:22:24] local.ERROR: syntax error, unexpected single-quoted string "); ?>" />", expecting ")" (View: C:\laragon\www\hrd\resources\views\auth\login.blade.php) {"exception":"[object] (Illuminate\\View\\ViewException(code: 0): syntax error, unexpected single-quoted string \"); ?>\" />
\", expecting \")\" (View: C:\\laragon\\www\\hrd\\resources\\views\\auth\\login.blade.php) at C:/laragon/www/hrd/storage/framework/views/a4364759d74f5acac7a3493e61e3397e.php:200)
[stacktrace]
#0 C:/laragon/www/hrd/vendor/laravel/framework/src/Illuminate/View/Engines/PhpEngine.php(59): Illuminate/View/Engines/CompilerEngine->handleViewException(Object(ParseError), 1)
#1 C:/laragon/www/hrd/vendor/laravel/framework/src/Illuminate/View/Engines/CompilerEngine.php(76): Illuminate/View/Engines/PhpEngine->evaluatePath('C://laragon//www//...', Array)
#2 C:/laragon/www/hrd/vendor/laravel/framework/src/Illuminate/View/View.php(208): Illuminate/View/Engines/CompilerEngine->get('C://laragon//www//...', Array)
#3 C:/laragon/www/hrd/vendor/laravel/framework/src/Illuminate/View/View.php(191): Illuminate/View/View->getContents()
#4 C:/laragon/www/hrd/vendor/laravel/framework/src/Illuminate/View/View.php(160): Illuminate/View/View->renderContents()
#5 C:/laragon/www/hrd/vendor/laravel/framework/src/Illuminate/Http/Response.php(78): Illuminate/View/View->render()
#6 C:/laragon/www/hrd/vendor/laravel/framework/src/Illuminate/Http/Response.php(34): Illuminate/Http/Response->setContent(Object(Illuminate/View/View))
#7 C:/laragon/www/hrd/vendor/laravel/framework/src/Illuminate/Routing/Router.php(939): Illuminate/Http/Response->__construct(Object(Illuminate/View/View), 200, Array)
#8 C:/laragon/www/hrd/vendor/laravel/framework/src/Illuminate/Routing/Router.php(906): Illuminate/Routing/Router::toResponse(Object(Illuminate/Http/Request), Object(Illuminate/View/View))
#9 C:/laragon/www/hrd/vendor/laravel/framework/src/Illuminate/Routing/Router.php(821): Illuminate/Routing/Router->prepareResponse(Object(Illuminate/Http/Request), Object(Illuminate/View/View))
#10 C:/laragon/www/hrd/vendor/laravel/framework/src/Illuminate/Pipeline/Pipeline.php(180): Illuminate/Routing/Router->{closure:Illuminate/Routing/Router::runRouteWithinStack():821}(Object(Illuminate/Http/Request))
#11 C:/laragon/www/hrd/vendor/laravel/framework/src/Illuminate/Routing/Middleware/SubstituteBindings.php(50): Illuminate/Pipeline/Pipeline->{closure:Illuminate/Pipeline/Pipeline::prepareDestination():178}(Object(Illuminate/Http/Request))
#12 C:/laragon/www/hrd/vendor/laravel/framework/src/Illuminate/Pipeline/Pipeline.php(219): Illuminate/Routing/Middleware/SubstituteBindings->handle(Object(Illuminate/Http/Request), Object(Closure))
#13 C:/laragon/www/hrd/vendor/laravel/framework/src/Illuminate/Foundation/Http/Middleware/VerifyCsrfToken.php(87): Illuminate/Pipeline/Pipeline->{closure:{closure:Illuminate/Pipeline/Pipeline::carry():194}:195}(Object(Illuminate/Http/Request))
#14 C:/laragon/www/hrd/vendor/laravel/framework/src/Illuminate/Pipeline/Pipeline.php(219): Illuminate/Foundation/Http/Middleware/VerifyCsrfToken->handle(Object(Illuminate/Http/Request), Object(Closure))
#15 C:/laragon/www/hrd/vendor/laravel/framework/src/Illuminate/View/Middleware/ShareErrorsFromSession.php(48): Illuminate/Pipeline/Pipeline->{closure:{closure:Illuminate/Pipeline/Pipeline::carry():194}:195}(Object(Illuminate/Http/Request))
#16 C:/laragon/www/hrd/vendor/laravel/framework/src/Illuminate/Pipeline/Pipeline.php(219): Illuminate/View/Middleware/ShareErrorsFromSession->handle(Object(Illuminate/Http/Request), Object(Closure))
#17 C:/laragon/www/hrd/vendor/laravel/framework/src/Illuminate/Session/Middleware/StartSession.php(120): Illuminate/Pipeline/Pipeline->{closure:{closure:Illuminate/Pipeline/Pipeline::carry():194}:195}(Object(Illuminate/Http/Request))
#18 C:/laragon/www/hrd/vendor/laravel/framework/src/Illuminate/Session/Middleware/StartSession.php(63): Illuminate/Session/Middleware/StartSession->handleStatefulRequest(Object(Illuminate/Http/Request), Object(Illuminate/Session/Store), Object(Closure))
#19 C:/laragon/www/hrd/vendor/laravel/framework/src/Illuminate/Pipeline/Pipeline.php(219): Illuminate/Session/Middleware/StartSession->handle(Object(Illuminate/Http/Request), Object(Closure))
#20 C:/laragon/www/hrd/vendor/laravel/framework/src/Illuminate/Cookie/Middleware/AddQueuedCookiesToResponse.php(36): Illuminate/Pipeline/Pipeline->{closure:{closure:Illuminate/Pipeline/Pipeline::carry():194}:195}(Object(Illuminate/Http/Request))
#21 C:/laragon/www/hrd/vendor/laravel/framework/src/Illuminate/Pipeline/Pipeline.php(219): Illuminate/Cookie/Middleware/AddQueuedCookiesToResponse->handle(Object(Illuminate/Http/Request), Object(Closure))
#22 C:/laragon/www/hrd/vendor/laravel/framework/src/Illuminate/Cookie/Middleware/EncryptCookies.php(74): Illuminate/Pipeline/Pipeline->{closure:{closure:Illuminate/Pipeline/Pipeline::carry():194}:195}(Object(Illuminate/Http/Request))
#23 C:/laragon/www/hrd/vendor/laravel/framework/src/Illuminate/Pipeline/Pipeline.php(219): Illuminate/Cookie/Middleware/EncryptCookies->handle(Object(Illuminate/Http/Request), Object(Closure))
#24 C:/laragon/www/hrd/vendor/laravel/framework/src/Illuminate/Pipeline/Pipeline.php(137): Illuminate/Pipeline/Pipeline->{closure:{closure:Illuminate/Pipeline/Pipeline::carry():194}:195}(Object(Illuminate/Http/Request))
#25 C:/laragon/www/hrd/vendor/laravel/framework/src/Illuminate/Routing/Router.php(821): Illuminate/Pipeline/Pipeline->then(Object(Closure))
#26 C:/laragon/www/hrd/vendor/laravel/framework/src/Illuminate/Routing/Router.php(800): Illuminate/Routing/Router->runRouteWithinStack(Object(Illuminate/Routing/Route), Object(Illuminate/Http/Request))
#27 C:/laragon/www/hrd/vendor/laravel/framework/src/Illuminate/Routing/Router.php(764): Illuminate/Routing/Router->runRoute(Object(Illuminate/Http/Request), Object(Illuminate/Routing/Route))
#28 C:/laragon/www/hrd/vendor/laravel/framework/src/Illuminate/Routing/Router.php(753): Illuminate/Routing/Router->dispatchToRoute(Object(Illuminate/Http/Request))
#29 C:/laragon/www/hrd/vendor/laravel/framework/src/Illuminate/Foundation/Http/Kernel.php(200): Illuminate/Routing/Router->dispatch(Object(Illuminate/Http/Request))
#30 C:/laragon/www/hrd/vendor/laravel/framework/src/Illuminate/Pipeline/Pipeline.php(180): Illuminate/Foundation/Http/Kernel->{closure:Illuminate/Foundation/Http/Kernel::dispatchToRouter():197}(Object(Illuminate/Http/Request))
#31 C:/laragon/www/hrd/vendor/laravel/framework/src/Illuminate/Foundation/Http/Middleware/TransformsRequest.php(21): Illuminate/Pipeline/Pipeline->{closure:Illuminate/Pipeline/Pipeline::prepareDestination():178}(Object(Illuminate/Http/Request))
#32 C:/laragon/www/hrd/vendor/laravel/framework/src/Illuminate/Foundation/Http/Middleware/ConvertEmptyStringsToNull.php(31): Illuminate/Foundation/Http/Middleware/TransformsRequest->handle(Object(Illuminate/Http/Request), Object(Closure))
#33 C:/laragon/www/hrd/vendor/laravel/framework/src/Illuminate/Pipeline/Pipeline.php(219): Illuminate/Foundation/Http/Middleware/ConvertEmptyStringsToNull->handle(Object(Illuminate/Http/Request), Object(Closure))
#34 C:/laragon/www/hrd/vendor/laravel/framework/src/Illuminate/Foundation/Http/Middleware/TransformsRequest.php(21): Illuminate/Pipeline/Pipeline->{closure:{closure:Illuminate/Pipeline/Pipeline::carry():194}:195}(Object(Illuminate/Http/Request))
#35 C:/laragon/www/hrd/vendor/laravel/framework/src/Illuminate/Foundation/Http/Middleware/TrimStrings.php(51): Illuminate/Foundation/Http/Middleware/TransformsRequest->handle(Object(Illuminate/Http/Request), Object(Closure))
#36 C:/laragon/www/hrd/vendor/laravel/framework/src/Illuminate/Pipeline/Pipeline.php(219): Illuminate/Foundation/Http/Middleware/TrimStrings->handle(Object(Illuminate/Http/Request), Object(Closure))
#37 C:/laragon/www/hrd/vendor/laravel/framework/src/Illuminate/Http/Middleware/ValidatePostSize.php(27): Illuminate/Pipeline/Pipeline->{closure:{closure:Illuminate/Pipeline/Pipeline::carry():194}:195}(Object(Illuminate/Http/Request))
#38 C:/laragon/www/hrd/vendor/laravel/framework/src/Illuminate/Pipeline/Pipeline.php(219): Illuminate/Http/Middleware/ValidatePostSize->handle(Object(Illuminate/Http/Request), Object(Closure))
#39 C:/laragon/www/hrd/vendor/laravel/framework/src/Illuminate/Foundation/Http/Middleware/PreventRequestsDuringMaintenance.php(109): Illuminate/Pipeline/Pipeline->{closure:{closure:Illuminate/Pipeline/Pipeline::carry():194}:195}(Object(Illuminate/Http/Request))
#40 C:/laragon/www/hrd/vendor/laravel/framework/src/Illuminate/Pipeline/Pipeline.php(219): Illuminate/Foundation/Http/Middleware/PreventRequestsDuringMaintenance->handle(Object(Illuminate/Http/Request), Object(Closure))
#41 C:/laragon/www/hrd/vendor/laravel/framework/src/Illuminate/Http/Middleware/HandleCors.php(61): Illuminate/Pipeline/Pipeline->{closure:{closure:Illuminate/Pipeline/Pipeline::carry():194}:195}(Object(Illuminate/Http/Request))
#42 C:/laragon/www/hrd/vendor/laravel/framework/src/Illuminate/Pipeline/Pipeline.php(219): Illuminate/Http/Middleware/HandleCors->handle(Object(Illuminate/Http/Request), Object(Closure))
#43 C:/laragon/www/hrd/vendor/laravel/framework/src/Illuminate/Http/Middleware/TrustProxies.php(58): Illuminate/Pipeline/Pipeline->{closure:{closure:Illuminate/Pipeline/Pipeline::carry():194}:195}(Object(Illuminate/Http/Request))
#44 C:/laragon/www/hrd/vendor/laravel/framework/src/Illuminate/Pipeline/Pipeline.php(219): Illuminate/Http/Middleware/TrustProxies->handle(Object(Illuminate/Http/Request), Object(Closure))
#45 C:/laragon/www/hrd/vendor/laravel/framework/src/Illuminate/Foundation/Http/Middleware/InvokeDeferredCallbacks.php(22): Illuminate/Pipeline/Pipeline->{closure:{closure:Illuminate/Pipeline/Pipeline::carry():194}:195}(Object(Illuminate/Http/Request))
#46 C:/laragon/www/hrd/vendor/laravel/framework/src/Illuminate/Pipeline/Pipeline.php(219): Illuminate/Foundation/Http/Middleware/InvokeDeferredCallbacks->handle(Object(Illuminate/Http/Request), Object(Closure))
#47 C:/laragon/www/hrd/vendor/laravel/framework/src/Illuminate/Http/Middleware/ValidatePathEncoding.php(26): Illuminate/Pipeline/Pipeline->{closure:{closure:Illuminate/Pipeline/Pipeline::carry():194}:195}(Object(Illuminate/Http/Request))
#48 C:/laragon/www/hrd/vendor/laravel/framework/src/Illuminate/Pipeline/Pipeline.php(219): Illuminate/Http/Middleware/ValidatePathEncoding->handle(Object(Illuminate/Http/Request), Object(Closure))
#49 C:/laragon/www/hrd/vendor/laravel/framework/src/Illuminate/Pipeline/Pipeline.php(137): Illuminate/Pipeline/Pipeline->{closure:{closure:Illuminate/Pipeline/Pipeline::carry():194}:195}(Object(Illuminate/Http/Request))
#50 C:/laragon/www/hrd/vendor/laravel/framework/src/Illuminate/Foundation/Http/Kernel.php(175): Illuminate/Pipeline/Pipeline->then(Object(Closure))
#51 C:/laragon/www/hrd/vendor/laravel/framework/src/Illuminate/Foundation/Http/Kernel.php(144): Illuminate/Foundation/Http/Kernel->sendRequestThroughRouter(Object(Illuminate/Http/Request))
#52 C:/laragon/www/hrd/vendor/laravel/framework/src/Illuminate/Foundation/Application.php(1220): Illuminate/Foundation/Http/Kernel->handle(Object(Illuminate/Http/Request))
#53 C:/laragon/www/hrd/public/index.php(20): Illuminate/Foundation/Application->handleRequest(Object(Illuminate/Http/Request))
#54 C:/laragon/www/hrd/vendor/laravel/framework/src/Illuminate/Foundation/resources/server.php(23): require_once('C://laragon//www//...')
#55 {main}

[previous exception] [object] (ParseError(code: 0): syntax error, unexpected single-quoted string \"); ?>\" />
\", expecting \")\" at C:/laragon/www/hrd/storage/framework/views/a4364759d74f5acac7a3493e61e3397e.php:200)
[stacktrace]
#0 C:/laragon/www/hrd/vendor/laravel/framework/src/Illuminate/Filesystem/Filesystem.php(124): Illuminate/Filesystem/Filesystem::{closure:Illuminate/Filesystem/Filesystem::getRequire():120}()
#1 C:/laragon/www/hrd/vendor/laravel/framework/src/Illuminate/View/Engines/PhpEngine.php(57): Illuminate/Filesystem/Filesystem->getRequire('C://laragon//www//...', Array)
#2 C:/laragon/www/hrd/vendor/laravel/framework/src/Illuminate/View/Engines/CompilerEngine.php(76): Illuminate/View/Engines/PhpEngine->evaluatePath('C://laragon//www//...', Array)
#3 C:/laragon/www/hrd/vendor/laravel/framework/src/Illuminate/View/View.php(208): Illuminate/View/Engines/CompilerEngine->get('C://laragon//www//...', Array)
#4 C:/laragon/www/hrd/vendor/laravel/framework/src/Illuminate/View/View.php(191): Illuminate/View/View->getContents()
#5 C:/laragon/www/hrd/vendor/laravel/framework/src/Illuminate/View/View.php(160): Illuminate/View/View->renderContents()
#6 C:/laragon/www/hrd/vendor/laravel/framework/src/Illuminate/Http/Response.php(78): Illuminate/View/View->render()
#7 C:/laragon/www/hrd/vendor/laravel/framework/src/Illuminate/Http/Response.php(34): Illuminate/Http/Response->setContent(Object(Illuminate/View/View))
#8 C:/laragon/www/hrd/vendor/laravel/framework/src/Illuminate/Routing/Router.php(939): Illuminate/Http/Response->__construct(Object(Illuminate/View/View), 200, Array)
#9 C:/laragon/www/hrd/vendor/laravel/framework/src/Illuminate/Routing/Router.php(906): Illuminate/Routing/Router::toResponse(Object(Illuminate/Http/Request), Object(Illuminate/View/View))
#10 C:/laragon/www/hrd/vendor/laravel/framework/src/Illuminate/Routing/Router.php(821): Illuminate/Routing/Router->prepareResponse(Object(Illuminate/Http/Request), Object(Illuminate/View/View))
#11 C:/laragon/www/hrd/vendor/laravel/framework/src/Illuminate/Pipeline/Pipeline.php(180): Illuminate/Routing/Router->{closure:Illuminate/Routing/Router::runRouteWithinStack():821}(Object(Illuminate/Http/Request))
#12 C:/laragon/www/hrd/vendor/laravel/framework/src/Illuminate/Routing/Middleware/SubstituteBindings.php(50): Illuminate/Pipeline/Pipeline->{closure:Illuminate/Pipeline/Pipeline::prepareDestination():178}(Object(Illuminate/Http/Request))
#13 C:/laragon/www/hrd/vendor/laravel/framework/src/Illuminate/Pipeline/Pipeline.php(219): Illuminate/Routing/Middleware/SubstituteBindings->handle(Object(Illuminate/Http/Request), Object(Closure))
#14 C:/laragon/www/hrd/vendor/laravel/framework/src/Illuminate/Foundation/Http/Middleware/VerifyCsrfToken.php(87): Illuminate/Pipeline/Pipeline->{closure:{closure:Illuminate/Pipeline/Pipeline::carry():194}:195}(Object(Illuminate/Http/Request))
#15 C:/laragon/www/hrd/vendor/laravel/framework/src/Illuminate/Pipeline/Pipeline.php(219): Illuminate/Foundation/Http/Middleware/VerifyCsrfToken->handle(Object(Illuminate/Http/Request), Object(Closure))
#16 C:/laragon/www/hrd/vendor/laravel/framework/src/Illuminate/View/Middleware/ShareErrorsFromSession.php(48): Illuminate/Pipeline/Pipeline->{closure:{closure:Illuminate/Pipeline/Pipeline::carry():194}:195}(Object(Illuminate/Http/Request))
#17 C:/laragon/www/hrd/vendor/laravel/framework/src/Illuminate/Pipeline/Pipeline.php(219): Illuminate/View/Middleware/ShareErrorsFromSession->handle(Object(Illuminate/Http/Request), Object(Closure))
#18 C:/laragon/www/hrd/vendor/laravel/framework/src/Illuminate/Session/Middleware/StartSession.php(120): Illuminate/Pipeline/Pipeline->{closure:{closure:Illuminate/Pipeline/Pipeline::carry():194}:195}(Object(Illuminate/Http/Request))
#19 C:/laragon/www/hrd/vendor/laravel/framework/src/Illuminate/Session/Middleware/StartSession.php(63): Illuminate/Session/Middleware/StartSession->handleStatefulRequest(Object(Illuminate/Http/Request), Object(Illuminate/Session/Store), Object(Closure))
#20 C:/laragon/www/hrd/vendor/laravel/framework/src/Illuminate/Pipeline/Pipeline.php(219): Illuminate/Session/Middleware/StartSession->handle(Object(Illuminate/Http/Request), Object(Closure))
#21 C:/laragon/www/hrd/vendor/laravel/framework/src/Illuminate/Cookie/Middleware/AddQueuedCookiesToResponse.php(36): Illuminate/Pipeline/Pipeline->{closure:{closure:Illuminate/Pipeline/Pipeline::carry():194}:195}(Object(Illuminate/Http/Request))
#22 C:/laragon/www/hrd/vendor/laravel/framework/src/Illuminate/Pipeline/Pipeline.php(219): Illuminate/Cookie/Middleware/AddQueuedCookiesToResponse->handle(Object(Illuminate/Http/Request), Object(Closure))
#23 C:/laragon/www/hrd/vendor/laravel/framework/src/Illuminate/Cookie/Middleware/EncryptCookies.php(74): Illuminate/Pipeline/Pipeline->{closure:{closure:Illuminate/Pipeline/Pipeline::carry():194}:195}(Object(Illuminate/Http/Request))
#24 C:/laragon/www/hrd/vendor/laravel/framework/src/Illuminate/Pipeline/Pipeline.php(219): Illuminate/Cookie/Middleware/EncryptCookies->handle(Object(Illuminate/Http/Request), Object(Closure))
#25 C:/laragon/www/hrd/vendor/laravel/framework/src/Illuminate/Pipeline/Pipeline.php(137): Illuminate/Pipeline/Pipeline->{closure:{closure:Illuminate/Pipeline/Pipeline::carry():194}:195}(Object(Illuminate/Http/Request))
#26 C:/laragon/www/hrd/vendor/laravel/framework/src/Illuminate/Routing/Router.php(821): Illuminate/Pipeline/Pipeline->then(Object(Closure))
#27 C:/laragon/www/hrd/vendor/laravel/framework/src/Illuminate/Routing/Router.php(800): Illuminate/Routing/Router->runRouteWithinStack(Object(Illuminate/Routing/Route), Object(Illuminate/Http/Request))
#28 C:/laragon/www/hrd/vendor/laravel/framework/src/Illuminate/Routing/Router.php(764): Illuminate/Routing/Router->runRoute(Object(Illuminate/Http/Request), Object(Illuminate/Routing/Route))
#29 C:/laragon/www/hrd/vendor/laravel/framework/src/Illuminate/Routing/Router.php(753): Illuminate/Routing/Router->dispatchToRoute(Object(Illuminate/Http/Request))
#30 C:/laragon/www/hrd/vendor/laravel/framework/src/Illuminate/Foundation/Http/Kernel.php(200): Illuminate/Routing/Router->dispatch(Object(Illuminate/Http/Request))
#31 C:/laragon/www/hrd/vendor/laravel/framework/src/Illuminate/Pipeline/Pipeline.php(180): Illuminate/Foundation/Http/Kernel->{closure:Illuminate/Foundation/Http/Kernel::dispatchToRouter():197}(Object(Illuminate/Http/Request))
#32 C:/laragon/www/hrd/vendor/laravel/framework/src/Illuminate/Foundation/Http/Middleware/TransformsRequest.php(21): Illuminate/Pipeline/Pipeline->{closure:Illuminate/Pipeline/Pipeline::prepareDestination():178}(Object(Illuminate/Http/Request))
#33 C:/laragon/www/hrd/vendor/laravel/framework/src/Illuminate/Foundation/Http/Middleware/ConvertEmptyStringsToNull.php(31): Illuminate/Foundation/Http/Middleware/TransformsRequest->handle(Object(Illuminate/Http/Request), Object(Closure))
#34 C:/laragon/www/hrd/vendor/laravel/framework/src/Illuminate/Pipeline/Pipeline.php(219): Illuminate/Foundation/Http/Middleware/ConvertEmptyStringsToNull->handle(Object(Illuminate/Http/Request), Object(Closure))
#35 C:/laragon/www/hrd/vendor/laravel/framework/src/Illuminate/Foundation/Http/Middleware/TransformsRequest.php(21): Illuminate/Pipeline/Pipeline->{closure:{closure:Illuminate/Pipeline/Pipeline::carry():194}:195}(Object(Illuminate/Http/Request))
#36 C:/laragon/www/hrd/vendor/laravel/framework/src/Illuminate/Foundation/Http/Middleware/TrimStrings.php(51): Illuminate/Foundation/Http/Middleware/TransformsRequest->handle(Object(Illuminate/Http/Request), Object(Closure))
#37 C:/laragon/www/hrd/vendor/laravel/framework/src/Illuminate/Pipeline/Pipeline.php(219): Illuminate/Foundation/Http/Middleware/TrimStrings->handle(Object(Illuminate/Http/Request), Object(Closure))
#38 C:/laragon/www/hrd/vendor/laravel/framework/src/Illuminate/Http/Middleware/ValidatePostSize.php(27): Illuminate/Pipeline/Pipeline->{closure:{closure:Illuminate/Pipeline/Pipeline::carry():194}:195}(Object(Illuminate/Http/Request))
#39 C:/laragon/www/hrd/vendor/laravel/framework/src/Illuminate/Pipeline/Pipeline.php(219): Illuminate/Http/Middleware/ValidatePostSize->handle(Object(Illuminate/Http/Request), Object(Closure))
#40 C:/laragon/www/hrd/vendor/laravel/framework/src/Illuminate/Foundation/Http/Middleware/PreventRequestsDuringMaintenance.php(109): Illuminate/Pipeline/Pipeline->{closure:{closure:Illuminate/Pipeline/Pipeline::carry():194}:195}(Object(Illuminate/Http/Request))
#41 C:/laragon/www/hrd/vendor/laravel/framework/src/Illuminate/Pipeline/Pipeline.php(219): Illuminate/Foundation/Http/Middleware/PreventRequestsDuringMaintenance->handle(Object(Illuminate/Http/Request), Object(Closure))
#42 C:/laragon/www/hrd/vendor/laravel/framework/src/Illuminate/Http/Middleware/HandleCors.php(61): Illuminate/Pipeline/Pipeline->{closure:{closure:Illuminate/Pipeline/Pipeline::carry():194}:195}(Object(Illuminate/Http/Request))
#43 C:/laragon/www/hrd/vendor/laravel/framework/src/Illuminate/Pipeline/Pipeline.php(219): Illuminate/Http/Middleware/HandleCors->handle(Object(Illuminate/Http/Request), Object(Closure))
#44 C:/laragon/www/hrd/vendor/laravel/framework/src/Illuminate/Http/Middleware/TrustProxies.php(58): Illuminate/Pipeline/Pipeline->{closure:{closure:Illuminate/Pipeline/Pipeline::carry():194}:195}(Object(Illuminate/Http/Request))
#45 C:/laragon/www/hrd/vendor/laravel/framework/src/Illuminate/Pipeline/Pipeline.php(219): Illuminate/Http/Middleware/TrustProxies->handle(Object(Illuminate/Http/Request), Object(Closure))
#46 C:/laragon/www/hrd/vendor/laravel/framework/src/Illuminate/Foundation/Http/Middleware/InvokeDeferredCallbacks.php(22): Illuminate/Pipeline/Pipeline->{closure:{closure:Illuminate/Pipeline/Pipeline::carry():194}:195}(Object(Illuminate/Http/Request))
#47 C:/laragon/www/hrd/vendor/laravel/framework/src/Illuminate/Pipeline/Pipeline.php(219): Illuminate/Foundation/Http/Middleware/InvokeDeferredCallbacks->handle(Object(Illuminate/Http/Request), Object(Closure))
#48 C:/laragon/www/hrd/vendor/laravel/framework/src/Illuminate/Http/Middleware/ValidatePathEncoding.php(26): Illuminate/Pipeline/Pipeline->{closure:{closure:Illuminate/Pipeline/Pipeline::carry():194}:195}(Object(Illuminate/Http/Request))
#49 C:/laragon/www/hrd/vendor/laravel/framework/src/Illuminate/Pipeline/Pipeline.php(219): Illuminate/Http/Middleware/ValidatePathEncoding->handle(Object(Illuminate/Http/Request), Object(Closure))
#50 C:/laragon/www/hrd/vendor/laravel/framework/src/Illuminate/Pipeline/Pipeline.php(137): Illuminate/Pipeline/Pipeline->{closure:{closure:Illuminate/Pipeline/Pipeline::carry():194}:195}(Object(Illuminate/Http/Request))
#51 C:/laragon/www/hrd/vendor/laravel/framework/src/Illuminate/Foundation/Http/Kernel.php(175): Illuminate/Pipeline/Pipeline->then(Object(Closure))
#52 C:/laragon/www/hrd/vendor/laravel/framework/src/Illuminate/Foundation/Http/Kernel.php(144): Illuminate/Foundation/Http/Kernel->sendRequestThroughRouter(Object(Illuminate/Http/Request))
#53 C:/laragon/www/hrd/vendor/laravel/framework/src/Illuminate/Foundation/Application.php(1220): Illuminate/Foundation/Http/Kernel->handle(Object(Illuminate/Http/Request))
#54 C:/laragon/www/hrd/public/index.php(20): Illuminate/Foundation/Application->handleRequest(Object(Illuminate/Http/Request))
#55 C:/laragon/www/hrd/vendor/laravel/framework/src/Illuminate/Foundation/resources/server.php(23): require_once('C://laragon//www//...')
#56 {main}
"} 
